AN356,3,896.7000 ,47.69250 ,-114.0122,AIRNow    ,           ,Polson-MT                           MT  TRIBALENV ,
AP250,3,1138.000 ,46.63800 ,-111.9430,APRSWXNET ,           ,K7MT Helena                       MT US           ,
AP917,3,972.0000 ,45.75050 ,-108.5690,APRSWXNET ,           ,W7NWS Billings                    MT US           ,
AR184,3,887.0000 ,46.31683 ,-106.7042,APRSWXNET ,           ,W7PG-10 Forsyth                   MT US           ,
AR208,3,729.0000 ,46.40717 ,-105.8447,APRSWXNET ,           ,KD7WIS Miles City                 MT US           ,
AR216,3,1342.000 ,45.60200 ,-105.9370,APRSWXNET ,           ,W7PG-12 Home Creek                MT US           ,
AR354,3,1360.900 ,46.81100 ,-113.9367,APRSWXNET ,           ,W7PAQ Missoula                    MT US           ,
AR371,3,802.0000 ,46.50100 ,-104.7932,APRSWXNET ,           ,W7PG-9 Ismay                      MT US           ,
AR590,3,853.4000 ,46.92067 ,-105.1577,APRSWXNET ,           ,W7PG-11 Fallon                    MT US           ,
AR674,3,1036.320 ,45.78200 ,-108.7197,APRSWXNET ,           ,K7GMS Billings                    MT US           ,
AS830,3,1248.200 ,48.09547 ,-114.6429,APRSWXNET ,           ,KA7AUV Marion                     MT US           ,
AS850,3,957.0000 ,45.77957 ,-108.5293,APRSWXNET ,           ,N7VR-2 Billings                   MT US           ,
AT023,3,751.0000 ,48.79420 ,-105.0622,APRSWXNET ,           ,K7SAM Flaxville                   MT US           ,
AT844,3,1358.000 ,48.26617 ,-113.4425,APRSWXNET ,           ,W7GMC2 Essex                      MT US           ,
AT965,3,935.7000 ,47.52680 ,-114.0920,APRSWXNET ,           ,KC7MRQ Ronan                      MT US           ,
AT990,3,1080.500 ,46.57079 ,-113.9842,APRSWXNET ,           ,W7EVL Stevensville                MT US           ,
AU395,3,0.000000 ,47.56883 ,-106.9412,APRSWXNET ,           ,W7PG-7 Jordan                     MT US           ,
AU396,3,0.000000 ,46.04667 ,-106.1283,APRSWXNET ,           ,KG0AL-7 Miles City                MT US           ,
AU397,3,1474.000 ,45.75004 ,-109.9552,APRSWXNET ,           ,K9BM Big Timber                   MT US           ,
AU679,3,1074.000 ,47.54000 ,-111.2943,APRSWXNET ,           ,W7GMC Great Falls                 MT US           ,
AU976,3,1132.000 ,48.44283 ,-114.1058,APRSWXNET ,           ,W7YP Columbia Falls               MT US           ,
C0228,3,1063.000 ,47.49502 ,-110.8581,APRSWXNET ,           ,CW0228 Highwood                   MT US           ,
C1247,3,1325.000 ,46.53917 ,-111.9558,APRSWXNET ,           ,CW1247 Helena                     MT US           ,
C1334,3,963.0000 ,48.51250 ,-110.9637,APRSWXNET ,           ,CW1334 Chester                    MT US           ,
C1832,3,1289.000 ,46.71425 ,-111.7335,APRSWXNET ,           ,CW1832 Helena                     MT US           ,
C1904,3,1388.000 ,46.95167 ,-112.6880,APRSWXNET ,           ,CW1904 Lincoln                    MT US           ,
C3444,3,2070.000 ,45.67038 ,-111.9385,APRSWXNET ,           ,CW3444 Pony                       MT US           ,
C4669,3,1761.000 ,45.71974 ,-110.9349,APRSWXNET ,           ,CW4669 Bozeman                    MT US           ,
C4884,3,1036.000 ,46.89423 ,-113.9615,APRSWXNET ,           ,CW4884 Missoula                   MT US           ,
C4971,3,1138.700 ,46.65917 ,-112.0308,APRSWXNET ,           ,CW4971 Helena                     MT US           ,
C5655,3,1417.000 ,46.51517 ,-111.9207,APRSWXNET ,           ,CW5655 Helena                     MT US           ,
C6136,3,1209.000 ,48.07401 ,-114.4020,APRSWXNET ,           ,CW6136 Kila                       MT US           ,
C7584,3,897.0000 ,48.25904 ,-114.2592,APRSWXNET ,           ,CW7584 Kalispell                  MT US           ,
C7710,3,1290.000 ,45.87715 ,-111.4106,APRSWXNET ,           ,CW7710 Logan                      MT US           ,
C8624,3,1294.500 ,45.85667 ,-111.3355,APRSWXNET ,           ,CW8624 Manhattan                  MT US           ,
C9088,3,1597.000 ,45.41383 ,-109.8662,APRSWXNET ,           ,CW9088 Nye                        MT US           ,
C9321,3,1264.800 ,45.62100 ,-109.1040,APRSWXNET ,           ,CW9321 Columbus                   MT US           ,
C9353,3,1292.000 ,45.81660 ,-109.9560,APRSWXNET ,           ,CW9353 Big Timber                 MT US           ,
D0217,3,834.5000 ,48.92550 ,-109.6222,APRSWXNET ,           ,DW0217 Havre                      MT US           ,
D0645,3,803.0000 ,47.93500 ,-110.5033,APRSWXNET ,           ,DW0645 Loma                       MT US           ,
D0711,3,998.5000 ,48.15075 ,-114.4221,APRSWXNET ,           ,DW0711 Kila                       MT US           ,
D0807,3,762.0000 ,47.60162 ,-105.9654,APRSWXNET ,           ,DW0807 Circle                     MT US           ,
D0975,3,1036.300 ,48.74417 ,-111.9692,APRSWXNET ,           ,DW0975 Kevin                      MT US           ,
D1026,3,1108.000 ,46.88083 ,-113.5762,APRSWXNET ,           ,DW1026 Potomac                    MT US           ,
D1223,3,1013.000 ,48.17438 ,-114.4576,APRSWXNET ,           ,DW1223 Kalispell                  MT US           ,
D1809,3,833.0000 ,48.35283 ,-107.8797,APRSWXNET ,           ,DW1809 Malta                      MT US           ,
D2381,3,981.5000 ,46.86467 ,-113.9762,APRSWXNET ,           ,DW2381 Missoula                   MT US           ,
D3195,3,674.0000 ,48.19472 ,-106.6117,APRSWXNET ,           ,DW3195 Glasgow                    MT US           ,
D4026,3,912.9000 ,48.23826 ,-114.3166,APRSWXNET ,           ,DW4026 Kalispell                  MT US           ,
D4776,3,1023.000 ,48.69617 ,-110.9805,APRSWXNET ,           ,DW4776 Chester                    MT US           ,
D4779,3,903.0000 ,48.33467 ,-110.8438,APRSWXNET ,           ,DW4779 Chester                    MT US           ,
D4821,3,1070.100 ,48.73555 ,-110.9268,APRSWXNET ,           ,DW4821 Chester                    MT US           ,
D5890,3,735.0000 ,47.67450 ,-105.1245,APRSWXNET ,           ,DW5890 Richey                     MT US           ,
D5891,3,679.0000 ,47.79283 ,-105.1800,APRSWXNET ,           ,DW5891 Richey                     MT US           ,
D5893,3,644.0000 ,47.96700 ,-104.4705,APRSWXNET ,           ,DW5893 Culbertson                 MT US           ,
D5894,3,622.0000 ,47.49842 ,-104.2520,APRSWXNET ,           ,DW5894 Lambert                    MT US           ,
D5896,3,1022.300 ,47.52183 ,-111.3190,APRSWXNET ,           ,DW5896 Great Falls                MT US           ,
D5938,3,587.9000 ,48.14450 ,-104.4970,APRSWXNET ,           ,DW5938 Culbertson                 MT US           ,
D5941,3,709.9000 ,47.84633 ,-104.6362,APRSWXNET ,           ,DW5941 Fink Road                  MT US           ,
D5959,3,631.0000 ,48.10500 ,-104.7983,APRSWXNET ,           ,DW5959 Charlie Creek              MT US           ,
D5962,3,691.0000 ,47.86550 ,-104.3467,APRSWXNET ,           ,DW5962 Girard Hall                MT US           ,
D5963,3,626.0000 ,47.94717 ,-104.1392,APRSWXNET ,           ,DW5963 Four Mile                  MT US           ,
D6464,3,1003.700 ,46.87917 ,-113.8972,APRSWXNET ,           ,DW6464 Bonner                     MT US           ,
D6667,3,1414.000 ,46.39333 ,-112.0253,APRSWXNET ,           ,DW6667 Jefferson City             MT US           ,
D7301,3,1702.300 ,45.55267 ,-110.7400,APRSWXNET ,           ,DW7301 Livingston                 MT US           ,
D7712,3,1241.000 ,45.89689 ,-111.5485,APRSWXNET ,           ,DW7712 Three Forks                MT US           ,
D7734,3,1950.000 ,45.63033 ,-110.8320,APRSWXNET ,           ,DW7734 Bozeman                    MT US           ,
D8455,3,1480.000 ,45.49800 ,-110.5708,APRSWXNET ,           ,DW8455 Livingston                 MT US           ,
D8515,3,1066.800 ,47.88867 ,-114.3205,APRSWXNET ,           ,DW8515 Kalispell                  MT US           ,
D8547,3,607.0000 ,47.72743 ,-104.1838,APRSWXNET ,           ,DW8547 Sidney                     MT US           ,
D8631,3,696.0000 ,46.73000 ,-105.4400,APRSWXNET ,           ,DW8631 Terry                      MT US           ,
D8632,3,673.0000 ,47.04000 ,-104.8000,APRSWXNET ,           ,DW8632 Glendive                   MT US           ,
D8633,3,712.0000 ,47.70000 ,-104.6000,APRSWXNET ,           ,DW8633 Lambert                    MT US           ,
D8635,3,669.0000 ,47.36883 ,-104.1345,APRSWXNET ,           ,DW8635 Sidney                     MT US           ,
D8636,3,613.0000 ,47.50000 ,-104.3300,APRSWXNET ,           ,DW8636 Sidney                     MT US           ,
D8692,3,762.0000 ,47.80667 ,-104.4235,APRSWXNET ,           ,DW8692 Sidney                     MT US           ,
D8831,3,1089.100 ,45.80783 ,-108.3672,APRSWXNET ,           ,DW8831 Billings                   MT US           ,
D8908,3,1071.000 ,47.42929 ,-111.3219,APRSWXNET ,           ,DW8908 Great Falls                MT US           ,
D8939,3,885.0000 ,48.14314 ,-114.2317,APRSWXNET ,           ,DW8939 Kalispell                  MT US           ,
D9079,3,658.0000 ,48.35300 ,-106.8425,APRSWXNET ,           ,DW9079 Glasgow                    MT US           ,
D9092,3,1036.000 ,46.80750 ,-114.0565,APRSWXNET ,           ,DW9092 Missoula                   MT US           ,
D9117,3,993.0000 ,45.79417 ,-108.5590,APRSWXNET ,           ,DW9117 Billings                   MT US           ,
D9188,3,896.7000 ,48.18783 ,-114.3138,APRSWXNET ,           ,DW9188 Kalispell                  MT US           ,
D9390,3,636.1000 ,48.05858 ,-106.0467,APRSWXNET ,           ,DW9390 Frazer                     MT US           ,
D9455,3,1567.000 ,45.98666 ,-110.5971,APRSWXNET ,           ,DW9455 Wilsall                    MT US           ,
D9564,3,1152.000 ,48.94050 ,-111.4298,APRSWXNET ,           ,DW9564 Sunburst                   MT US           ,
D9565,3,1207.000 ,48.97650 ,-111.1560,APRSWXNET ,           ,DW9565 Whitlash                   MT US           ,
D9605,3,954.0000 ,48.47817 ,-111.3522,APRSWXNET ,           ,DW9605 Galata                     MT US           ,
D9834,3,1033.000 ,48.62800 ,-111.3210,APRSWXNET ,           ,DW9834 Galata                     MT US           ,
D9972,3,1373.000 ,46.49797 ,-111.9786,APRSWXNET ,           ,DW9972 Clancy                     MT US           ,
D9996,3,925.0000 ,48.55550 ,-110.4247,APRSWXNET ,           ,DW9996 Hingham                    MT US           ,
E0034,3,676.0000 ,48.11000 ,-105.8858,APRSWXNET ,           ,EW0034 Wolf Point                 MT US           ,
E0139,3,665.1000 ,48.24800 ,-106.6358,APRSWXNET ,           ,EW0139 Glasgow 4 N                MT US           ,
E0591,3,1022.000 ,46.80833 ,-114.0587,APRSWXNET ,           ,EW0591 Missoula                   MT US           ,
E1187,3,929.0000 ,47.00383 ,-114.4802,APRSWXNET ,           ,EW1187 Alberton                   MT US           ,
E1200,3,839.1000 ,47.35867 ,-104.7933,APRSWXNET ,           ,EW1200 Bloomfield                 MT US           ,
E1247,3,846.0000 ,46.29690 ,-106.6977,APRSWXNET ,           ,EW1247 Forsyth                    MT US           ,
E1346,3,756.0000 ,47.41700 ,-105.5887,APRSWXNET ,           ,EW1346 Circle                     MT US           ,
E1347,3,632.0000 ,48.13583 ,-106.3542,APRSWXNET ,           ,EW1347 Nashua                     MT US           ,
E1484,3,2078.700 ,48.50217 ,-114.3388,APRSWXNET ,           ,EW1484 Whitefish                  MT US           ,
E1605,3,1491.400 ,45.66317 ,-111.0383,APRSWXNET ,           ,EW1605 Bozeman                    MT US           ,
E1880,3,956.0000 ,48.55000 ,-110.5500,APRSWXNET ,           ,EW1880 Rudyard                    MT US           ,
E1931,3,937.0000 ,48.39317 ,-110.5403,APRSWXNET ,           ,EW1931 Rudyard                    MT US           ,
E1937,3,913.0000 ,48.85000 ,-110.6000,APRSWXNET ,           ,EW1937 Goldstone                  MT US           ,
E2119,3,995.0000 ,48.17250 ,-114.0388,APRSWXNET ,           ,EW2119 Kalispell                  MT US           ,
E2143,3,955.0000 ,45.77946 ,-108.5217,APRSWXNET ,           ,EW2143 Billings                   MT US           ,
E2349,3,687.3000 ,48.51883 ,-105.3848,APRSWXNET ,           ,EW2349 Scobey                     MT US           ,
E2411,3,1264.900 ,48.07133 ,-114.4082,APRSWXNET ,           ,EW2411 Kila                       MT US           ,
E2671,3,658.4000 ,48.10633 ,-106.4478,APRSWXNET ,           ,EW2671 Nashua                     MT US           ,
E2688,3,642.0000 ,47.98967 ,-106.5025,APRSWXNET ,           ,EW2688 Fort Peck                  MT US           ,
E2692,3,621.0000 ,48.33433 ,-104.4890,APRSWXNET ,           ,EW2692 Froid                      MT US           ,
E2810,3,1.100000 ,45.30917 ,-108.8933,APRSWXNET ,           ,EW2810 Bridger                    MT US           ,
E3448,3,77.00000 ,36.04367 ,14.24883 ,APRSWXNET ,           ,EW3448 Victoria                      MT           ,
E3831,3,1104.000 ,47.01383 ,-112.0130,APRSWXNET ,           ,EW3831 Wolf Creek                 MT US           ,
E3848,3,1180.200 ,46.62183 ,-112.0420,APRSWXNET ,           ,EW3848 Helena                     MT US           ,
E4238,3,1028.000 ,48.69550 ,-111.4233,APRSWXNET ,           ,EW4238 Galata                     MT US           ,
E4329,3,1540.800 ,46.56567 ,-112.4415,APRSWXNET ,           ,EW4329 Elliston                   MT US           ,
E4343,3,1663.900 ,45.22133 ,-109.2917,APRSWXNET ,           ,EW4343 Red Lodge                  MT US           ,
E4511,3,854.4000 ,48.59650 ,-109.7120,APRSWXNET ,           ,EW4511 Havre                      MT US           ,
E4666,3,1609.300 ,45.54950 ,-111.1950,APRSWXNET ,           ,EW4666 Gallatin Gateway           MT US           ,
E5357,3,1165.000 ,46.41400 ,-111.5820,APRSWXNET ,           ,EW5357 Townsend                   MT US           ,
E5549,3,1137.000 ,46.64341 ,-111.9195,APRSWXNET ,           ,EW5549 Helena                     MT US           ,
E5606,3,902.0000 ,48.67156 ,-106.4808,APRSWXNET ,           ,EW5606 Honrud                     MT US           ,
E5772,3,1161.600 ,48.49050 ,-112.3658,APRSWXNET ,           ,EW5772 Cut Bank                   MT US           ,
E5991,3,960.1000 ,47.83510 ,-114.0297,APRSWXNET ,           ,EW5991 12 Miles Ne Polson         MT US           ,
E6075,3,1001.000 ,48.85800 ,-106.4112,APRSWXNET ,           ,EW6075 Opheim                     MT US           ,
E6149,3,2460.000 ,47.41533 ,-105.5922,APRSWXNET ,           ,EW6149 Circle                     MT US           ,
E6167,3,1737.400 ,45.06000 ,-111.6500,APRSWXNET ,           ,EW6167 Cameron                    MT US           ,
E6366,3,1667.300 ,45.57333 ,-111.1005,APRSWXNET ,           ,EW6366 Bozeman                    MT US           ,
E6456,3,894.0000 ,46.59927 ,-107.8669,APRSWXNET ,           ,EW6456 Melstone                   MT US           ,
E6663,3,895.0000 ,47.72817 ,-114.1878,APRSWXNET ,           ,EW6663 Polson                     MT US           ,
E6963,3,609.6000 ,47.72133 ,-104.1957,APRSWXNET ,           ,EW6963 Sidney                     MT US           ,
E7370,3,1242.500 ,46.01717 ,-111.3870,APRSWXNET ,           ,KT9X Three Forks                  MT US           ,
E7595,3,1120.100 ,47.53582 ,-111.2846,APRSWXNET ,           ,EW7595 Black Eagle                MT US           ,
E8039,3,1402.000 ,45.65838 ,-110.5780,APRSWXNET ,           ,EW8039 Livingston                 MT US           ,
E8158,3,1033.000 ,47.27183 ,-111.7057,APRSWXNET ,           ,EW8158 Cascade                    MT US           ,
E8201,3,991.0000 ,48.46500 ,-111.1758,APRSWXNET ,           ,EW8201 Lothair 3e                 MT US           ,
E8322,3,926.0000 ,48.29483 ,-111.2158,APRSWXNET ,           ,EW8322 Tiber Dam 5w               MT US           ,
E8564,3,1013.000 ,46.83721 ,-113.8279,APRSWXNET ,           ,EW8564 East Bonner                MT US           ,
E9056,3,1020.000 ,48.59483 ,-110.7917,APRSWXNET ,           ,EW9056 Joplin                     MT US           ,
E9066,3,1040.000 ,47.51667 ,-111.6767,APRSWXNET ,           ,EW9066 Sun River                  MT US           ,
E9130,3,971.0000 ,45.83250 ,-108.4438,APRSWXNET ,           ,EW9130 Billings                   MT US           ,
E9427,3,978.0000 ,48.58243 ,-111.0082,APRSWXNET ,           ,EW9427 Chester-5nw                MT US           ,
E9495,3,1205.200 ,48.78233 ,-111.1492,APRSWXNET ,           ,EW9495 Hill                       MT US           ,
E9635,3,3734.000 ,46.65717 ,-112.0285,APRSWXNET ,           ,EW9635 Helena                     MT US           ,
E9980,3,2001.300 ,44.78167 ,-111.1383,APRSWXNET ,           ,EW9980 West Yellowstone           MT US           ,
27IB1,3,1353.000 ,48.55380 ,-113.0147,GLOBE     ,           ,Browning MT US                                    ,
46FA1,3,1686.000 ,46.89050 ,-113.9683,GLOBE     ,           ,Potomac MT US                                     ,
8L5H1,3,1061.000 ,45.88330 ,-104.5500,GLOBE     ,           ,Ekalaka MT US                                     ,
C55K1,3,1022.449 ,47.43570 ,-111.5075,GLOBE     ,           ,Ulm MT US                                         ,
GCZ31,3,1147.700 ,48.25720 ,-109.7745,GLOBE     ,           ,Box Elder MT US                                   ,
GCZ32,3,1084.600 ,48.29030 ,-109.8695,GLOBE     ,           ,Box Elder MT US                                   ,
P9ZV1,3,962.0000 ,46.89300 ,-114.0568,GLOBE     ,           ,Missoula MT US                                    ,
P9ZV2,3,946.0000 ,46.89520 ,-114.0558,GLOBE     ,           ,Missoula MT US                                    ,
ILSA1,3,956.0000 ,46.85600 ,-114.0148,GLOBE     ,           ,Missoula MT US                                    ,
MSOL ,3,975.0000 ,46.92940 ,-114.1089,GPSMET    ,           ,Missoula, MT                                      ,
BIL5 ,3,887.9000 ,45.97120 ,-107.9965,GPSMET    ,           ,Billings 5, MT                                    ,
BSPC ,3,33.30000 ,-1.352900,-48.13260,GPSMET    ,           ,Big Sheep Creek, MT                               ,
MTMS ,3,789.4000 ,48.54100 ,-109.6866,GPSMET    ,           ,Montana State Univer, MT                          ,
PLS5 ,3,988.8000 ,47.66380 ,-114.1139,GPSMET    ,           ,Polson 5, MT                                      ,
P051 ,3,1081.100 ,45.80660 ,-108.5461,GPSMET    ,           ,BillingsAPMT2005, MT                              ,
P052 ,3,858.6000 ,47.37470 ,-107.0187,GPSMET    ,           ,LRRnchJrdnMT2006, MT                              ,
P714 ,3,2250.100 ,44.89590 ,-110.7444,GPSMET    ,           ,YNPPantherWY2008, MT                              ,
P722 ,3,1452.800 ,45.45720 ,-109.5710,GPSMET    ,           ,YNPBassRchMT2005, MT                              ,
P045 ,3,1628.800 ,45.38290 ,-112.6170,GPSMET    ,           ,BirchCreekMT2006, MT                              ,
P046 ,3,1302.500 ,47.02960 ,-113.3320,GPSMET    ,           ,ClearwaterMT2006, MT                              ,
P047 ,3,1488.200 ,48.42130 ,-113.2200,GPSMET    ,           ,E_Glacier_MT2007, MT                              ,
P048 ,3,1502.300 ,45.65300 ,-111.2040,GPSMET    ,           ,BozemanRR_MT2007, MT                              ,
P049 ,3,1198.600 ,47.35000 ,-110.9060,GPSMET    ,           ,Armington_MT2006, MT                              ,
P050 ,3,1280.700 ,48.80950 ,-111.2480,GPSMET    ,           ,WickumRnchMT2006, MT                              ,
P055 ,3,683.3000 ,47.11670 ,-104.6850,GPSMET    ,           ,GlendiveWTMT2006, MT                              ,
P360 ,3,1866.000 ,44.31780 ,-111.4510,GPSMET    ,           ,HLFIslParkID2005, MT                              ,
P719 ,3,1715.400 ,45.21780 ,-111.7890,GPSMET    ,           ,EnnisFish_MT2006, MT                              ,
PLS6 ,3,988.6000 ,47.66380 ,-114.1140,GPSMET    ,           ,Polson 6, MT                                      ,
ABOM8,3,1106.451 ,46.87722 ,-113.9314,HADS      ,           ,CLARK FORK RIVER ABOVE MISSOULA  MT US        USGS,
BGCM8,3,609.6000 ,48.67278 ,-104.5117,HADS      ,           ,BIG MUDDY CREEK NEAR ANTELOPE 3S MT US        USGS,
BGHM8,3,823.0000 ,46.12444 ,-107.4689,HADS      ,           ,BIG HORN RIVER ABOVE TULLOCK CRE MT US  USARMY-COE,
BILM8,3,944.9000 ,45.80000 ,-108.4667,HADS      ,           ,YELLOWSTONE RIVER NEAR BILLINGS  MT US  USARMY-COE,
BLAM8,3,1298.800 ,46.91889 ,-113.0150,HADS      ,           ,BLACKFOOT RIVER ABOVE NEVADA CRE MT US        USGS,
BTCM8,3,1211.600 ,47.20861 ,-110.9317,HADS      ,           ,BELT CREEK NEAR MONARCH 9NNW     MT US        USGS,
CHIM8,3,1838.570 ,48.06222 ,-115.6975,HADS      ,           ,CHICAGO RIDGE MET STATION NEAR N MT US        USFS,
CLBM8,3,643.7690 ,48.12361 ,-104.4733,HADS      ,           ,MISSOURI RIVER NEAR CULBERTSON 3 MT US  USARMY-COE,
CLKM8,3,1791.349 ,45.00167 ,-112.8575,HADS      ,           ,CLARK CANYON DAM NEAR DILLON 18S MT US        USBR,
CMRM8,3,1930.559 ,44.88861 ,-111.5642,HADS      ,           ,MADISON RIVER AT KIRBY RANCH NEA MT US        USGS,
CORM8,3,1548.100 ,45.11222 ,-110.7936,HADS      ,           ,YELLOWSTONE RIVER AT CORWIN SPRI MT US  USARMY-COE,
DKRM8,3,1149.388 ,45.14139 ,-106.7708,HADS      ,           ,TONGUE RIVER AT TONGUE RIVER DAM MT US        USGS,
DRBM8,3,1182.300 ,46.02778 ,-114.1761,HADS      ,           ,RANGER STATION AT DARBY NEAR MIS MT US        USGS,
DTTM8,3,990.0000 ,47.93028 ,-111.5519,HADS      ,           ,TETON RIVER NEAR DUTTON 10NE     MT US        USGS,
ECCM8,3,810.8000 ,48.97472 ,-110.4217,HADS      ,           ,MILK RIVER AT EASTERN CROSSING N MT US        USGS,
EDGM8,3,1054.300 ,45.46583 ,-108.8442,HADS      ,           ,CLARKS FORK YELLOWSTONE RIVER AT MT US        USGS,
EGBM8,3,1407.900 ,45.72556 ,-111.0661,HADS      ,           ,EAST GALLATIN RIVER BELOW BRIDGE MT US        USGS,
EPRM8,3,734.9000 ,49.00000 ,-105.4089,HADS      ,           ,EAST POPLAR RIVER AT INTERNATION MT US        USGS,
ERNM8,3,768.1000 ,48.97500 ,-110.4219,HADS      ,           ,MILK RIVER AT EASTERN CROSSING O MT US        USBR,
ESXM8,3,1173.500 ,48.27944 ,-113.6131,HADS      ,           ,ISAAK WALTON INN AT ESSEX        MT US         NWS,
FBNM8,3,796.4000 ,47.81694 ,-110.6661,HADS      ,           ,MISSOURI RIVER AT FORT BENTON    MT US        USGS,
FLNM8,3,1475.800 ,46.46389 ,-113.2389,HADS      ,           ,FLINT CREEK AT MAXVILLE          MT US        USGS,
FRYM8,3,838.6770 ,46.26667 ,-106.6914,HADS      ,           ,YELLOWSTONE RIVER AT FORSYTH     MT US        USGS,
GDMM8,3,1403.300 ,47.60111 ,-112.7547,HADS      ,           ,GIBSON DAM WEATHER STATION NEAR  MT US        USBR,
GLGM8,3,1907.217 ,45.49722 ,-111.2708,HADS      ,           ,GALLATIN RIVER NEAR GALLATIN GAT MT US        USGS,
GTOM8,3,1292.400 ,48.95667 ,-113.8903,HADS      ,           ,GOAT HAUNT MOUNTAIN NEAR BABB 21 MT US            ,
HGHM8,3,1283.366 ,48.34250 ,-114.0189,HADS      ,           ,HUNGRY HORSE WEATHER STATION NEA MT US        USBR,
HLWM8,3,1268.000 ,46.42889 ,-109.8411,HADS      ,           ,MUSSELSHELL RIVER AT HARLOWTON   MT US        USGS,
HMTM8,3,1295.100 ,46.06111 ,-114.2333,HADS      ,           ,COMO DAM AND RESERVOIR NEAR HAMI MT US        USBR,
HTDM8,3,917.8000 ,45.90417 ,-108.3169,HADS      ,           ,HUNTLEY DIVERSION DAM NEAR HUNTL MT US        USBR,
HWSM8,3,718.1000 ,48.54333 ,-108.8347,HADS      ,           ,HARLEM AGRIMET                   MT US        USBR,
JDRM8,3,759.0000 ,47.66833 ,-109.6525,HADS      ,           ,JUDITH RIVER NEAR MOUTH NEAR WIN MT US        USGS,
LBFM8,3,1327.700 ,46.51944 ,-112.7931,HADS      ,           ,LITTLE BLACKFOOT RIVER NEAR GARR MT US        USGS,
LFRM8,3,1172.900 ,48.26667 ,-112.2000,HADS      ,           ,LAKE FRANCES RESERVOIR NEAR VALI MT US        USBR,
LIVM8,3,1456.514 ,45.59722 ,-110.5664,HADS      ,           ,YELLOWSTONE RIVER NEAR LIVINGSTO MT US        USGS,
LOCM8,3,726.9000 ,46.43000 ,-105.3094,HADS      ,           ,POWDER RIVER AT LOCATE NEAR MILE MT US  USARMY-COE,
LOGM8,3,1245.400 ,45.88528 ,-111.4375,HADS      ,           ,GALLATIN RIVER NEAR LOGAN 1W     MT US  USARMY-COE,
LOLM8,3,1343.123 ,46.72472 ,-114.5331,HADS      ,           ,LOLO HOT SPRINGS NEAR LOLO 20W   MT US        USGS,
LRRM8,3,2364.994 ,44.65444 ,-112.3625,HADS      ,           ,LIMA RESERVOIR NEAR LIMA 11E     MT US        USBR,
LTCM8,3,1193.600 ,48.79944 ,-111.0475,HADS      ,           ,LOWER TOOTSIE CREEK NEAR HILL 5W MT US            ,
LTRM8,3,780.3000 ,47.93278 ,-110.5144,HADS      ,           ,TETON RIVER NEAR LOMA 1SW        MT US        USGS,
MADM8,3,1683.645 ,45.49028 ,-111.6344,HADS      ,           ,MADISON RIVER BELOW ENNIS LAKE N MT US        USGS,
MBLO1,3,253.0000 ,40.92444 ,-83.55722,HADS      ,           ,BLANCHARD RIVER BELOW MT BLANCHA OH US        USGS,
MCRM8,3,2151.486 ,45.50139 ,-110.9856,HADS      ,           ,MIDDLE CREEK NEAR GALLATIN GATEW MT US            ,
MDSM8,3,2026.000 ,44.65694 ,-111.0675,HADS      ,           ,MADISON RIVER NEAR WEST YELLOWST MT US        USGS,
MHDM8,3,1077.983 ,45.05722 ,-105.8783,HADS      ,           ,POWDER RIVER NEAR MOORHEAD NEAR  MT US        USGS,
MICM8,3,719.3000 ,46.38472 ,-105.8447,HADS      ,           ,TONGUE RIVER NEAR MILES CITY 2S  MT US  USARMY-COE,
MILM8,3,804.0940 ,46.42083 ,-105.8600,HADS      ,           ,YELLOWSTONE RIVER AT HIGHWAY BRI MT US  USARMY-COE,
MLRM8,3,1540.800 ,45.52667 ,-112.7008,HADS      ,           ,BIG HOLE RIVER NEAR MELROSE 7S   MT US        USGS,
MSBM8,3,759.9000 ,46.99472 ,-107.8883,HADS      ,           ,MUSSELSHELL RIVER AT MOSBY       MT US        USGS,
MSNM8,3,1459.019 ,47.32278 ,-113.9794,HADS      ,           ,MISSION CREEK ABOVE MISSION RESE MT US        USGS,
NFRM8,3,1243.900 ,46.97944 ,-113.0922,HADS      ,           ,NORTH FORK BLACKFOOT RIVER ABOVE MT US        USGS,
NMCM8,3,1350.380 ,48.97083 ,-113.0558,HADS      ,           ,NORTH FORK MILK RIVER ABOVE ST M MT US        USGS,
ORHM8,3,770.8000 ,48.96944 ,-106.8389,HADS      ,           ,ROCK CREEK BELOW HORSE CREEK NEA MT US        USGS,
OVNM8,3,1251.800 ,47.01917 ,-113.1289,HADS      ,           ,OVANDO                           MT US        USGS,
PEOM8,3,826.6000 ,48.22361 ,-108.7133,HADS      ,           ,PEOPLES CREEK NEAR HAYS          MT US        USGS,
PERM8,3,914.1200 ,47.36667 ,-114.5850,HADS      ,           ,FLATHEAD RIVER AT PERMA NEAR DIX MT US        USGS,
PLRM8,3,595.3000 ,48.17083 ,-105.1783,HADS      ,           ,POPLAR RIVER NEAR POPLAR 4N      MT US        USGS,
PLVM8,3,1168.660 ,48.10944 ,-114.8686,HADS      ,           ,PLEASANT VALLEY NEAR MARION 10W  MT US        USGS,
POLM8,3,1072.900 ,48.76500 ,-114.2836,HADS      ,           ,POLEBRIDGE RAIN GAUGE            MT US        USGS,
PPRM8,3,749.2000 ,48.99028 ,-105.6961,HADS      ,           ,POPLAR RIVER AT INTERNATIONAL BO MT US        USGS,
RDLW1,3,1154.688 ,48.25000 ,-120.0019,HADS      ,           ,EMERGENCY INSTALL - MT LEECHER   WA US     WADOECO,
RUPM8,3,971.7000 ,46.42806 ,-108.5719,HADS      ,           ,MUSSELSHELL RIVER NEAR ROUNDUP 2 MT US  USARMY-COE,
SACM8,3,648.9000 ,48.50917 ,-107.2189,HADS      ,           ,MILK RIVER AT SACO BJORNBERG BRI MT US  USARMY-COE,
SELM8,3,1249.700 ,47.21361 ,-113.5197,HADS      ,           ,SEELEY LAKE 3NW RANGER STATION   MT US        USBR,
SHLM8,3,1010.343 ,48.42722 ,-111.8889,HADS      ,           ,MARIAS RIVER NEAR SHELBY 6S      MT US        USBR,
SMBM8,3,1245.100 ,49.00333 ,-113.3133,HADS      ,           ,ST MARY RIVER AT INTERNATIONAL B MT US            ,
SMHM8,3,1511.515 ,46.82806 ,-111.1914,HADS      ,           ,SMITH RIVER BELOW EAGLE CREEK NE MT US        USGS,
SRAM8,3,1276.225 ,45.55139 ,-109.3881,HADS      ,           ,STILLWATER RIVER NEAR ABSAROKEE  MT US        USGS,
SRGM8,3,865.8220 ,47.30167 ,-115.0869,HADS      ,           ,CLARK FORK RIVER NEAR SAINT REGI MT US        USGS,
SUMM8,3,1595.000 ,48.31750 ,-113.3528,HADS      ,           ,SUMMIT RAIN NEAR EAST GLACIER PA MT US        USBR,
SWLM8,3,944.9000 ,47.92028 ,-113.8394,HADS      ,           ,SWAN LAKE                        MT US        USBR,
TMRM8,3,1400.744 ,48.42667 ,-112.9889,HADS      ,           ,TWO MEDICINE RIVER BELOW SOUTH F MT US        USBR,
TOSM8,3,1197.000 ,46.14667 ,-111.4203,HADS      ,           ,MISSOURI RIVER NEAR TOSTON 2SE   MT US  USARMY-COE,
TWIM8,3,1461.937 ,45.61333 ,-112.3294,HADS      ,           ,JEFFERSON RIVER NEAR TWIN BRIDGE MT US        USGS,
ULMM8,3,1121.426 ,47.43500 ,-111.3883,HADS      ,           ,MISSOURI RIVER NEAR ULM 6E       MT US  USARMY-COE,
USCM8,3,1351.500 ,48.89389 ,-111.0933,HADS      ,           ,UPPER SAGE CREEK NEAR WHITLASH 7 MT US            ,
VAUM8,3,1018.000 ,47.52583 ,-111.5111,HADS      ,           ,SUN RIVER NEAR VAUGHN 3SE        MT US  USARMY-COE,
VRGM8,3,763.8000 ,48.00389 ,-110.2589,HADS      ,           ,MISSOURI RIVER AT VIRGELLE FERRY MT US  USARMY-COE,
WGLM8,3,961.3000 ,48.50111 ,-113.9850,HADS      ,           ,WEST GLACIER PARK 1N             MT US        USBR,
WLLM8,3,1262.500 ,47.54667 ,-112.4292,HADS      ,           ,WILLOW CREEK RESERVOIR NEAR AUGU MT US        USBR,
WPTM8,3,596.8000 ,48.06722 ,-105.5331,HADS      ,           ,MISSOURI RIVER NEAR WOLF POINT 5 MT US  USARMY-COE,
WSWM8,3,1540.800 ,46.44472 ,-110.9381,HADS      ,           ,WELL 08N06E23ABBC01 NEAR WHITE S MT US        USGS,
GWXM8,3,1577.600 ,45.04889 ,-110.7514,HADS      ,           ,GARDINER 3 NEAR GARDINER 3NW     MT US            ,
HBDM8,3,1974.200 ,44.86639 ,-111.3389,HADS      ,           ,MADISON RIVER BELOW HEBGEN DAM N MT US        USGS,
DUSM8,3,1456.900 ,48.16320 ,-112.8671,HADS      ,           ,SWIFT DAM                        MT US            ,
AMB  ,3,3372.900 ,40.56770 ,-111.6374,MesoWest  ,           ,ALTA - MT BALDY                  UT US AVALANCHE  ,
BAVMT,3,2926.100 ,45.26945 ,-111.4517,MesoWest  ,           ,Big Sky - Bavaria                MT US AVALANCHE  ,
BGC  ,3,2953.500 ,45.28470 ,-111.4344,MesoWest  ,           ,Big Sky - Challenger             MT US AVALANCHE  ,
CHMID,3,2895.600 ,45.28500 ,-111.4324,MesoWest  ,           ,BIG SKY - CHALLENGER MID         MT US AVALANCHE  ,
BJCMT,3,3024.500 ,45.28387 ,-111.4408,MesoWest  ,           ,Big Sky - Jack Creek             MT US AVALANCHE  ,
BLBMT,3,2742.600 ,45.27561 ,-111.4295,MesoWest  ,           ,Big Sky - Lobo                   MT US AVALANCHE  ,
LMTMT,3,3396.700 ,45.27802 ,-111.4503,MesoWest  ,           ,Big Sky - Lone Mountain          MT US AVALANCHE  ,
BLRMT,3,2719.700 ,45.29017 ,-111.4450,MesoWest  ,           ,Big Sky - Lookout Ridge          MT US AVALANCHE  ,
BBALP,3,2286.000 ,45.82902 ,-110.9223,MesoWest  ,           ,Bridger Bowl - Alpine            MT US AVALANCHE  ,
BBBAS,3,1865.400 ,45.81762 ,-110.8981,MesoWest  ,           ,Bridger Bowl - Base              MT US AVALANCHE  ,
BBM  ,3,2438.400 ,45.81591 ,-110.9120,MesoWest  ,           ,Bridger Bowl - Lift              MT US AVALANCHE  ,
BBMID,3,2133.600 ,45.81610 ,-110.9219,MesoWest  ,           ,Bridger Bowl - Lift Midway Stati MT US AVALANCHE  ,
BBCST,3,2590.800 ,45.81708 ,-110.9296,MesoWest  ,           ,Bridger Bowl - Ridge             MT US AVALANCHE  ,
BBSLH,3,2525.000 ,45.80219 ,-110.9306,MesoWest  ,           ,Bridger Bowl - Slushmans Lift To MT US AVALANCHE  ,
BBVAC,3,1981.200 ,45.81620 ,-110.9075,MesoWest  ,           ,BRIDGER BOWL - VIRGINIA CITY     MT US AVALANCHE  ,
GNFCC,3,3043.100 ,45.07250 ,-109.9561,MesoWest  ,           ,Cooke City                       MT US AVALANCHE  ,
GNFHY,3,3017.500 ,45.43924 ,-110.9451,MesoWest  ,           ,Hyalite                          MT US AVALANCHE  ,
GNFTF,3,2883.400 ,44.97459 ,-111.3144,MesoWest  ,           ,Taylor Fork                      MT US AVALANCHE  ,
YCAMS,3,2677.400 ,45.24015 ,-111.4429,MesoWest  ,           ,Yellowstone Club - American Spir MT US AVALANCHE  ,
YCAND,3,2697.500 ,45.26281 ,-111.4079,MesoWest  ,           ,Yellowstone Club - Andesite Moun MT US AVALANCHE  ,
YCBAS,3,2194.600 ,45.23924 ,-111.4148,MesoWest  ,           ,Yellowstone Club - Base Area     MT US AVALANCHE  ,
YCPIO,3,2987.000 ,45.23280 ,-111.4507,MesoWest  ,           ,YELLOWSTONE CLUB - PIONEER PEAK  MT US AVALANCHE  ,
YCTIM,3,2865.100 ,45.23114 ,-111.4512,MesoWest  ,           ,Yellowstone Club - Timber Statio MT US AVALANCHE  ,
BFTM ,3,945.8000 ,48.83556 ,-108.5639,MesoWest  ,           ,Big Flat / Turner                MT US AGRIMET    ,
BFAM ,3,1190.200 ,48.67500 ,-112.5889,MesoWest  ,           ,BLACKFEET                        MT US AGRIMET    ,
BOZM ,3,1455.400 ,45.67361 ,-111.1500,MesoWest  ,           ,BOZEMAN                          MT US AGRIMET    ,
BOMT ,3,1185.700 ,47.52056 ,-112.2469,MesoWest  ,           ,BROKEN O RANCH                   MT US AGRIMET    ,
BRGM ,3,652.3000 ,46.98778 ,-104.8031,MesoWest  ,           ,BUFFALO RAPIDS/GLEND             MT US AGRIMET    ,
BRTM ,3,691.9000 ,46.77806 ,-105.2994,MesoWest  ,           ,BUFFALO RAPIDS/TERRY             MT US AGRIMET    ,
COMT ,3,1072.900 ,48.17270 ,-111.8472,MesoWest  ,           ,Conrad                           MT US AGRIMET    ,
COVM ,3,1096.100 ,46.33333 ,-114.0833,MesoWest  ,           ,CORVALLIS                        MT US AGRIMET    ,
CRSM ,3,898.9000 ,48.18750 ,-114.1278,MesoWest  ,           ,CRESTON                          MT US AGRIMET    ,
DRLM ,3,1425.900 ,46.33556 ,-112.7667,MesoWest  ,           ,DEER LODGE                       MT US AGRIMET    ,
DLNM ,3,1524.000 ,45.33333 ,-112.5092,MesoWest  ,           ,DILLON                           MT US AGRIMET    ,
GLGM ,3,635.2000 ,48.14333 ,-106.6092,MesoWest  ,           ,GLASGOW                          MT US AGRIMET    ,
GFMT ,3,1164.300 ,47.65833 ,-111.8125,MesoWest  ,           ,GREENFIELDS                      MT US AGRIMET    ,
HRLM ,3,718.7000 ,48.54333 ,-108.8347,MesoWest  ,           ,HARLEM                           MT US AGRIMET    ,
HVMT ,3,1119.500 ,46.67917 ,-111.9833,MesoWest  ,           ,HELENA VALLEY                    MT US AGRIMET    ,
JVWM ,3,1345.700 ,45.79778 ,-112.1653,MesoWest  ,           ,Jefferson River Valley           MT US AGRIMET    ,
RBVM ,3,1599.900 ,45.24000 ,-112.1100,MesoWest  ,           ,LAURIN                           MT US AGRIMET    ,
LMMM ,3,899.2000 ,46.56278 ,-108.0058,MesoWest  ,           ,Lower Musselshell                MT US AGRIMET    ,
MATM ,3,691.9000 ,48.37361 ,-107.7764,MesoWest  ,           ,MALTA                            MT US AGRIMET    ,
MWSM ,3,1293.300 ,47.05889 ,-109.9508,MesoWest  ,           ,Moccasin                         MT US AGRIMET    ,
RDBM ,3,926.6000 ,47.53944 ,-114.2806,MesoWest  ,           ,ROUND BUTTE                      MT US AGRIMET    ,
RBYM ,3,1600.200 ,45.34500 ,-112.1503,MesoWest  ,           ,RUBY VALLEY                      MT US AGRIMET    ,
SVWM ,3,1618.500 ,46.04667 ,-110.6528,MesoWest  ,           ,Shields River Valley             MT US AGRIMET    ,
SIGM ,3,896.1000 ,47.31333 ,-114.0981,MesoWest  ,           ,ST. IGNATIUS                     MT US AGRIMET    ,
TRFM ,3,1174.700 ,47.90056 ,-112.1597,MesoWest  ,           ,Teton River                      MT US AGRIMET    ,
TOSM ,3,1236.900 ,46.12222 ,-111.4947,MesoWest  ,           ,TOSTON                           MT US AGRIMET    ,
ULMT ,3,1019.600 ,47.40280 ,-111.5075,MesoWest  ,           ,Ulm                              MT US AGRIMET    ,
UMHM ,3,1328.900 ,46.44722 ,-109.9400,MesoWest  ,           ,Upper Musselshell                MT US AGRIMET    ,
VLMT ,3,1132.300 ,48.36970 ,-112.2497,MesoWest  ,           ,Valier                           MT US AGRIMET    ,
WSSM ,3,1514.600 ,46.55333 ,-110.9467,MesoWest  ,           ,White Sulphur Springs            MT US AGRIMET    ,
WNN  ,3,869.0000 ,46.93000 ,-108.2000,MesoWest  ,           ,WINNETT                          MT US MISC       ,
MTABR,3,1250.000 ,45.02839 ,-107.3173,MesoWest  ,           ,Aberdeen Hill I-90 MP 552.3      MT US MT DOT     ,
MTALZ,3,1066.200 ,45.00275 ,-104.3736,MesoWest  ,           ,Alzada US-212 MP 139.4           MT US MT DOT     ,
MTARC,3,1128.100 ,45.78000 ,-108.1634,MesoWest  ,           ,Arrow Creek Hill I-90 MP 468.6   MT US MT DOT     ,
MTAVN,3,1549.900 ,46.69679 ,-112.6594,MesoWest  ,           ,Avon North MT-141 MP 8.1         MT US MT DOT     ,
MTEKA,3,1007.100 ,46.08359 ,-104.4355,MesoWest  ,           ,Baker MT-7 MP 14.2               MT US MT DOT     ,
MTBRM,3,1189.000 ,46.71854 ,-113.2953,MesoWest  ,           ,Bearmouth I-90 MP 145.8          MT US MT DOT     ,
MTBVR,3,853.1000 ,47.02198 ,-104.3300,MesoWest  ,           ,Beaver Hill I-94 MP 234.8        MT US MT DOT     ,
MTBID,3,1042.100 ,45.01298 ,-105.3770,MesoWest  ,           ,Biddle Hwy 59 MP 0.9             MT US MT DOT     ,
MTBHP,3,2255.500 ,45.31545 ,-113.3097,MesoWest  ,           ,Big Hole Pass CTY-278 MP 32      MT US MT DOT     ,
MTBOU,3,1704.700 ,46.32330 ,-112.0689,MesoWest  ,           ,Boulder Hill I-15 MP 170.9       MT US MT DOT     ,
MTBOW,3,1310.900 ,47.29220 ,-112.1518,MesoWest  ,           ,Bowmans MT-200 MP 110.4          MT US MT DOT     ,
MTBZH,3,1752.000 ,45.66682 ,-110.8039,MesoWest  ,           ,Bozeman Pass I-90 MP 321.8       MT US MT DOT     ,
MTBWG,3,1346.900 ,48.53523 ,-112.9813,MesoWest  ,           ,Browning US-89                   MT US MT DOT     ,
MTBUL,3,1188.100 ,46.24744 ,-108.4612,MesoWest  ,           ,Bull Mountain US-87 MP 33.3      MT US MT DOT     ,
MTCOM,3,640.1000 ,48.81000 ,-104.2529,MesoWest  ,           ,Comertown Turn-Off MT-5 MP 13.4  MT US MT DOT     ,
MTCOT,3,1341.100 ,45.88000 ,-112.0000,MesoWest  ,           ,COTTONWOOD HILL I-90             MT US MT DOT     ,
MTCOW,3,715.7000 ,47.68837 ,-105.4919,MesoWest  ,           ,Cow Creek MT-13 MP 19.9          MT US MT DOT     ,
MTCRY,3,926.0000 ,48.11760 ,-115.4200,MesoWest  ,           ,Crystal Creek US-2 MP 53.1       MT US MT DOT     ,
MTDPC,3,1789.200 ,46.35146 ,-111.0668,MesoWest  ,           ,Deep Creek US12 MP 23.5          MT US MT DOT     ,
MTDKY,3,989.4000 ,48.69453 ,-114.7844,MesoWest  ,           ,Dickey Lake US-93 MP 160.2       MT US MT DOT     ,
MTELV,3,1371.900 ,45.68554 ,-110.5044,MesoWest  ,           ,East Livingston I-90 MP 337.7    MT US MT DOT     ,
MTDEN,3,1111.900 ,47.30023 ,-109.8512,MesoWest  ,           ,East of Denton MT-81 MP 17       MT US MT DOT     ,
MTEKL,3,1124.100 ,45.31200 ,-104.4666,MesoWest  ,           ,Ekalaka MT323 MP 46.8            MT US MT DOT     ,
MTELK,3,1917.800 ,46.13589 ,-112.3980,MesoWest  ,           ,Elk Park                         MT US MT DOT     ,
MTESX,3,1172.900 ,48.28176 ,-113.6066,MesoWest  ,           ,Essex US-2 MP 179.9              MT US MT DOT     ,
MTFLT,3,869.0000 ,48.21908 ,-114.2379,MesoWest  ,           ,Flathead River MT 35 MP49        MT US MT DOT     ,
MTGAR,3,1318.900 ,46.52361 ,-112.8084,MesoWest  ,           ,Garrison I-90 MP 174.4           MT US MT DOT     ,
MTYEP,3,1044.600 ,47.13948 ,-111.8591,MesoWest  ,           ,Gary Cooper Bridge I-15 MP 242   MT US MT DOT     ,
MTGTL,3,1931.800 ,46.19100 ,-113.3000,MesoWest  ,           ,Georgetown Lake                  MT US MT DOT     ,
MTGYS,3,1286.600 ,47.25000 ,-110.4800,MesoWest  ,           ,Geyser                           MT US MT DOT     ,
MTGOV,3,954.0000 ,46.39924 ,-105.6283,MesoWest  ,           ,Government Hill                  MT US MT DOT     ,
MTGRN,3,1157.900 ,46.90280 ,-113.4230,MesoWest  ,           ,Greenough Hill MT-200 MP 22.1    MT US MT DOT     ,
MTHAY,3,1126.800 ,47.91928 ,-108.7261,MesoWest  ,           ,Hays Site MT-66 MP 10.5          MT US MT DOT     ,
MTHLM,3,1279.900 ,46.96826 ,-112.9749,MesoWest  ,           ,Helmville MT-200 MP 53.3         MT US MT DOT     ,
MTHIL,3,914.1000 ,46.83370 ,-106.2713,MesoWest  ,           ,Hillside MT-59 MP 36.5           MT US MT DOT     ,
MTHOM,3,1945.800 ,45.91888 ,-112.4019,MesoWest  ,           ,Homestake Pass                   MT US MT DOT     ,
MTHYH,3,1021.400 ,46.16492 ,-107.3093,MesoWest  ,           ,Hysham Hills I-94 MP 59.9        MT US MT DOT     ,
MTING,3,919.9000 ,46.58400 ,-107.4000,MesoWest  ,           ,Ingomar                          MT US MT DOT     ,
MTINV,3,1006.100 ,48.55321 ,-110.6482,MesoWest  ,           ,Inverness US-2 MP 337.6          MT US MT DOT     ,
MTJUD,3,1393.900 ,46.68765 ,-109.7502,MesoWest  ,           ,Judith Gap US-191 MP 18.6        MT US MT DOT     ,
MTKAR,3,1737.100 ,45.34534 ,-111.1726,MesoWest  ,           ,Karst US-191 MP 55.3             MT US MT DOT     ,
MTLAM,3,1318.900 ,45.62886 ,-106.5113,MesoWest  ,           ,Lame Deer Divide US-212 MP 50.1  MT US MT DOT     ,
MTLEW,3,1409.400 ,47.06180 ,-109.1844,MesoWest  ,           ,Lewistown Divide MT-200 MP 90.3  MT US MT DOT     ,
MTLND,3,922.0000 ,47.28294 ,-105.2939,MesoWest  ,           ,Lindsay Divide MT-200 MP 296.5   MT US MT DOT     ,
MTLWM,3,1371.900 ,45.64792 ,-110.5993,MesoWest  ,           ,Livingston Wind                  MT US MT DOT     ,
MTLOS,3,1595.900 ,46.63580 ,-114.5805,MesoWest  ,           ,Lolo Pass US-12 MP 0             MT US MT DOT     ,
MTLOM,3,823.0000 ,47.95103 ,-110.5048,MesoWest  ,           ,Loma US-87 MP 53.1               MT US MT DOT     ,
MTLPS,3,1439.900 ,47.45357 ,-115.6951,MesoWest  ,           ,Lookout Pass I-90 MP 0.2         MT US MT DOT     ,
MTLUF,3,914.1000 ,47.07813 ,-107.5720,MesoWest  ,           ,Lufborough Hill MT-200 MP 175.3  MT US MT DOT     ,
MTMDP,3,1927.900 ,46.56148 ,-112.3093,MesoWest  ,           ,MacDonald Pass US-12 MP 27.9     MT US MT DOT     ,
MTMAL,3,946.4000 ,47.96113 ,-108.3055,MesoWest  ,           ,Malta South US-191 MP 122.5      MT US MT DOT     ,
MTMCD,3,732.1000 ,48.42732 ,-105.4423,MesoWest  ,           ,McDonalds MT-13 MP 125.5         MT US MT DOT     ,
MTMON,3,1584.000 ,47.14290 ,-110.8231,MesoWest  ,           ,Monarch Canyon US-89 MP 53.5     MT US MT DOT     ,
MTMQM,3,2080.000 ,44.55767 ,-112.3137,MesoWest  ,           ,Monida Pass I-15 MP 0.3          MT US MT DOT     ,
MTMUS,3,929.9000 ,46.50000 ,-108.1300,MesoWest  ,           ,MUSSELSHELL HILL US-12           MT US MT DOT     ,
MTRED,3,783.0000 ,48.81161 ,-105.0608,MesoWest  ,           ,Navajo MT-5 16.7                 MT US MT DOT     ,
MTNNM,3,910.7000 ,47.02299 ,-114.3887,MesoWest  ,           ,Ninemile I-90 MP 81.8            MT US MT DOT     ,
MTNOR,3,1645.900 ,45.49960 ,-111.6962,MesoWest  ,           ,Norris Hill US-287 MP 60         MT US MT DOT     ,
MTPND,3,1279.900 ,48.07322 ,-112.3342,MesoWest  ,           ,Pendroy US-89 MP 62.6            MT US MT DOT     ,
MTPPC,3,1202.100 ,46.91392 ,-112.1167,MesoWest  ,           ,Prickley Pear I-15 MP 218.6      MT US MT DOT     ,
MTRAY,3,2083.000 ,44.72814 ,-111.4701,MesoWest  ,           ,Raynolds Pass MT-87 MP 1.2       MT US MT DOT     ,
MTRDP,3,1172.900 ,45.71006 ,-109.5783,MesoWest  ,           ,Reedpoint I-90 MP 390.8          MT US MT DOT     ,
MTROG,3,1647.800 ,47.08770 ,-112.3723,MesoWest  ,           ,Roger's Pass                     MT US MT DOT     ,
MTROH,3,1143.000 ,45.33858 ,-109.4936,MesoWest  ,           ,Roscoe Hill MT-78 MP 18.8        MT US MT DOT     ,
MTSCO,3,664.5000 ,48.45138 ,-107.3017,MesoWest  ,           ,Saco US-2 MP 502.5               MT US MT DOT     ,
MTSBN,3,1279.900 ,46.88748 ,-112.1111,MesoWest  ,           ,Sieben I-15 MP 216               MT US MT DOT     ,
MTSOO,3,755.9000 ,47.91973 ,-104.3262,MesoWest  ,           ,Sioux Pass MT-16 MP 21           MT US MT DOT     ,
MTSUN,3,1008.000 ,48.88015 ,-111.8987,MesoWest  ,           ,Sunburst I-15 MP 389             MT US MT DOT     ,
MTSWN,3,1082.000 ,47.59103 ,-113.7557,MesoWest  ,           ,Swan Lake South MT-83 MP 47      MT US MT DOT     ,
MTSWC,3,791.9000 ,46.26671 ,-106.3079,MesoWest  ,           ,Sweeney Creek I-94 MP 112.6      MT US MT DOT     ,
MTSWT,3,1058.000 ,48.96017 ,-111.9407,MesoWest  ,           ,Sweetgrass I-15 MP 395.3         MT US MT DOT     ,
MTTRC,3,726.9000 ,47.82000 ,-115.5800,MesoWest  ,           ,Trout Creek                      MT US MT DOT     ,
MTBRN,3,1448.100 ,48.45265 ,-113.1951,MesoWest  ,           ,Two Medicine Bridge US-2 MP 210. MT US MT DOT     ,
MTSTA,3,640.1000 ,48.13764 ,-104.0469,MesoWest  ,           ,US-2 @Stateline US2 MP 667.1     MT US MT DOT     ,
MTYAK,3,670.9000 ,48.58340 ,-115.9841,MesoWest  ,           ,Yaak Hill US-2 MP 4.8            MT US MT DOT     ,
MTYRB,3,990.9000 ,45.79376 ,-108.4680,MesoWest  ,           ,Yellowstone River Bridge I-90 MP MT US MT DOT     ,
ABRM8,3,2529.800 ,45.59723 ,-111.9590,MesoWest  ,           ,ALBRO LAKE                       MT US SNOTEL     ,
BADM8,3,2103.100 ,48.13088 ,-113.0232,MesoWest  ,           ,BADGER PASS                      MT US SNOTEL     ,
BANM8,3,1706.900 ,48.57120 ,-115.4457,MesoWest  ,           ,BANFIELD MOUNTAIN                MT US SNOTEL     ,
BRLM8,3,2514.600 ,46.09713 ,-113.1304,MesoWest  ,           ,BARKER LAKES                     MT US SNOTEL     ,
BSCM8,3,2188.500 ,45.79737 ,-112.5205,MesoWest  ,           ,BASIN CREEK                      MT US SNOTEL     ,
BEAM8,3,2697.500 ,44.47147 ,-112.9819,MesoWest  ,           ,BEAGLE SPRINGS                   MT US SNOTEL     ,
BEVM8,3,2392.700 ,44.94966 ,-111.3585,MesoWest  ,           ,BEAVER CREEK                     MT US SNOTEL     ,
BISM8,3,1499.600 ,47.68389 ,-113.9990,MesoWest  ,           ,BISSON CREEK                     MT US SNOTEL     ,
BLBM8,3,2490.200 ,44.51389 ,-111.1280,MesoWest  ,           ,BLACK BEAR                       MT US SNOTEL     ,
BLKM8,3,2197.600 ,46.41400 ,-113.4309,MesoWest  ,           ,BLACK PINE                       MT US SNOTEL     ,
BLTM8,3,1722.100 ,47.98288 ,-114.3543,MesoWest  ,           ,BLACKTAIL MTN                    MT US SNOTEL     ,
BLOM8,3,2316.500 ,45.16507 ,-113.5010,MesoWest  ,           ,BLOODY DICK                      MT US SNOTEL     ,
BOMM8,3,2423.200 ,46.55960 ,-111.2897,MesoWest  ,           ,BOULDER MOUNTAIN                 MT US SNOTEL     ,
BOXM8,3,2033.000 ,45.27190 ,-110.2490,MesoWest  ,           ,BOX CANYON                       MT US SNOTEL     ,
BZMM8,3,1455.100 ,45.67000 ,-111.1500,MesoWest  ,           ,BOZEMAN EXPL FARM                MT US SNOTEL     ,
BRCM8,3,2231.100 ,45.89107 ,-110.9385,MesoWest  ,           ,BRACKETT CREEK                   MT US SNOTEL     ,
BMTM8,3,1792.200 ,45.24010 ,-109.4596,MesoWest  ,           ,BURNT MTN                        MT US SNOTEL     ,
CLVM8,3,1959.900 ,45.88380 ,-113.3255,MesoWest  ,           ,CALVERT CREEK                    MT US SNOTEL     ,
CRRM8,3,2743.200 ,44.96192 ,-111.2940,MesoWest  ,           ,CARROT BASIN                     MT US SNOTEL     ,
CMDM8,3,2621.300 ,45.01788 ,-111.8456,MesoWest  ,           ,CLOVER MEADOW                    MT US SNOTEL     ,
CLCM8,3,2392.700 ,45.19405 ,-109.3455,MesoWest  ,           ,COLE CREEK                       MT US SNOTEL     ,
CMBM8,3,1706.900 ,46.76361 ,-113.3936,MesoWest  ,           ,COMBINATION                      MT US SNOTEL     ,
COPM8,3,1585.000 ,47.05678 ,-112.5950,MesoWest  ,           ,COPPER BOTTOM                    MT US SNOTEL     ,
CPCM8,3,2118.400 ,47.08158 ,-112.7296,MesoWest  ,           ,COPPER CAMP                      MT US SNOTEL     ,
CRYM8,3,1844.000 ,46.78942 ,-109.5120,MesoWest  ,           ,CRYSTAL LAKE                     MT US SNOTEL     ,
DAZM8,3,2316.500 ,46.66858 ,-110.3302,MesoWest  ,           ,DAISY PEAK                       MT US SNOTEL     ,
DALM8,3,1761.700 ,46.18367 ,-113.8533,MesoWest  ,           ,DALY CREEK                       MT US SNOTEL     ,
DHLM8,3,2621.300 ,45.17367 ,-113.5846,MesoWest  ,           ,DARKHORSE LAKE                   MT US SNOTEL     ,
DDMM8,3,1966.000 ,46.79279 ,-110.6755,MesoWest  ,           ,DEADMAN CREEK                    MT US SNOTEL     ,
DIVM8,3,2377.400 ,44.79317 ,-112.0564,MesoWest  ,           ,DIVIDE                           MT US SNOTEL     ,
DPYM8,3,1752.600 ,48.06341 ,-112.7573,MesoWest  ,           ,DUPUYER CREEK                    MT US SNOTEL     ,
EGHM8,3,3039.200 ,45.22000 ,-111.1200,MesoWest  ,           ,EAGLEHEAD                        MT US SNOTEL     ,
EBMM8,3,1930.900 ,45.50381 ,-110.0802,MesoWest  ,           ,EAST BOULDER MINE                MT US SNOTEL     ,
WHSM8,3,2316.500 ,46.48450 ,-110.7125,MesoWest  ,           ,ELK PEAK                         MT US SNOTEL     ,
EMCM8,3,1325.900 ,48.43000 ,-113.9400,MesoWest  ,           ,EMERY CREEK                      MT US SNOTEL     ,
FSHM8,3,2773.700 ,45.06235 ,-109.9449,MesoWest  ,           ,FISHER CREEK                     MT US SNOTEL     ,
FTMM8,3,1920.200 ,48.80225 ,-113.8571,MesoWest  ,           ,FLATTOP MTN.                     MT US SNOTEL     ,
FRHM8,3,1975.100 ,46.43545 ,-112.1928,MesoWest  ,           ,FROHNER MEADOW                   MT US SNOTEL     ,
GVRM8,3,1295.400 ,48.97523 ,-115.8192,MesoWest  ,           ,GARVER CREEK                     MT US SNOTEL     ,
GRCM8,3,1310.600 ,48.91453 ,-114.7663,MesoWest  ,           ,GRAVE CREEK                      MT US SNOTEL     ,
HANM8,3,1534.700 ,48.30754 ,-114.8408,MesoWest  ,           ,HAND CREEK                       MT US SNOTEL     ,
HAWM8,3,1966.000 ,48.97230 ,-115.9534,MesoWest  ,           ,HAWKINS LAKE                     MT US SNOTEL     ,
HOOM8,3,1844.000 ,46.97510 ,-115.0349,MesoWest  ,           ,HOODOO BASIN                     MT US SNOTEL     ,
KRCM8,3,1447.800 ,47.42749 ,-113.7751,MesoWest  ,           ,KRAFT CREEK                      MT US SNOTEL     ,
LVRM8,3,2255.500 ,44.58907 ,-111.8250,MesoWest  ,           ,LAKEVIEW RIDGE                   MT US SNOTEL     ,
LMHM8,3,2468.900 ,44.99380 ,-113.4440,MesoWest  ,           ,LEMHI RIDGE                      MT US SNOTEL     ,
LCKM8,3,2090.900 ,45.50410 ,-110.9662,MesoWest  ,           ,LICK CREEK                       MT US SNOTEL     ,
LPSI1,3,1597.200 ,46.63448 ,-114.5807,MesoWest  ,           ,LOLO PASS                        MT US SNOTEL     ,
BSKM8,3,2706.600 ,45.27412 ,-111.4269,MesoWest  ,           ,LONE MOUNTAIN                    MT US SNOTEL     ,
LWTM8,3,2407.900 ,45.50871 ,-111.9229,MesoWest  ,           ,LOWER TWIN                       MT US SNOTEL     ,
LUBM8,3,1426.500 ,46.88293 ,-113.3223,MesoWest  ,           ,LUBRECHT FLUME                   MT US SNOTEL     ,
MPLM8,3,2362.200 ,44.58623 ,-111.1163,MesoWest  ,           ,MADISON PLATEAU                  MT US SNOTEL     ,
MANM8,3,1493.500 ,48.79698 ,-113.6705,MesoWest  ,           ,MANY GLACIER                     MT US SNOTEL     ,
TEM26,3,1893.100 ,45.82000 ,-110.9000,MesoWest  ,           ,MAYNARD CREEK                    MT US SNOTEL     ,
MNPM8,3,2697.500 ,45.21759 ,-110.2370,MesoWest  ,           ,MONUMENT PEAK                    MT US SNOTEL     ,
MSPM8,3,2066.500 ,47.68493 ,-113.9623,MesoWest  ,           ,MOSS PEAK                        MT US SNOTEL     ,
MTKM8,3,1950.700 ,47.91727 ,-112.8238,MesoWest  ,           ,MOUNT LOCKHART                   MT US SNOTEL     ,
MULM8,3,2529.800 ,45.40957 ,-112.9593,MesoWest  ,           ,MULE CREEK                       MT US SNOTEL     ,
NFEM8,3,1905.000 ,46.87160 ,-113.2773,MesoWest  ,           ,N FK ELK CREEK                   MT US SNOTEL     ,
NEVM8,3,1975.100 ,46.83000 ,-112.5200,MesoWest  ,           ,NEVADA CREEK                     MT US SNOTEL     ,
NVRM8,3,2139.700 ,46.84234 ,-112.5076,MesoWest  ,           ,NEVADA RIDGE                     MT US SNOTEL     ,
NZCM8,3,1722.100 ,45.73107 ,-114.4808,MesoWest  ,           ,NEZ PERCE CAMP                   MT US SNOTEL     ,
NOIM8,3,1841.000 ,48.15678 ,-113.9464,MesoWest  ,           ,NOISY BASIN                      MT US SNOTEL     ,
NFJM8,3,1929.400 ,47.27260 ,-113.7562,MesoWest  ,           ,NORTH FORK JOCKO                 MT US SNOTEL     ,
NORM8,3,2240.300 ,45.00565 ,-110.0141,MesoWest  ,           ,NORTHEAST ENTRANCE               MT US SNOTEL     ,
ONPM8,3,2258.600 ,46.91348 ,-110.8536,MesoWest  ,           ,ONION PARK                       MT US SNOTEL     ,
PTNM8,3,2194.600 ,46.12588 ,-113.3079,MesoWest  ,           ,PETERSON MEADOWS                 MT US SNOTEL     ,
PCKM8,3,2026.900 ,46.57978 ,-111.2683,MesoWest  ,           ,PICKFOOT CREEK                   MT US SNOTEL     ,
PICM8,3,1807.500 ,48.30305 ,-113.3287,MesoWest  ,           ,PIKE CREEK                       MT US SNOTEL     ,
PLCM8,3,2691.400 ,45.41905 ,-110.0884,MesoWest  ,           ,PLACER BASIN                     MT US SNOTEL     ,
PMNM8,3,1554.500 ,48.12672 ,-115.6233,MesoWest  ,           ,POORMAN CREEK                    MT US SNOTEL     ,
PRPM8,3,1981.200 ,46.11192 ,-110.4696,MesoWest  ,           ,PORCUPINE                        MT US SNOTEL     ,
RKPM8,3,2438.400 ,46.35613 ,-112.2618,MesoWest  ,           ,ROCKER PEAK                      MT US SNOTEL     ,
ROCM8,3,1432.600 ,48.17478 ,-109.6473,MesoWest  ,           ,ROCKY BOY                        MT US SNOTEL     ,
SFSM8,3,2468.900 ,46.08960 ,-110.4336,MesoWest  ,           ,S FORK SHIELDS                   MT US SNOTEL     ,
SAJM8,3,1996.400 ,45.87395 ,-110.9278,MesoWest  ,           ,SACAJAWEA                        MT US SNOTEL     ,
SDMM8,3,2420.100 ,45.69259 ,-113.9683,MesoWest  ,           ,SADDLE MTN.                      MT US SNOTEL     ,
SHCM8,3,2133.600 ,44.97572 ,-111.9521,MesoWest  ,           ,SHORT CREEK                      MT US SNOTEL     ,
SHFM8,3,2468.900 ,45.40125 ,-110.9576,MesoWest  ,           ,SHOWER FALLS                     MT US SNOTEL     ,
SILM8,3,2020.800 ,45.15000 ,-109.3500,MesoWest  ,           ,SILVER RUN                       MT US SNOTEL     ,
SKAM8,3,2209.800 ,46.24212 ,-113.7725,MesoWest  ,           ,SKALKAHO SUMMIT                  MT US SNOTEL     ,
SQPM8,3,1874.500 ,47.17902 ,-114.3337,MesoWest  ,           ,SLEEPING WOMAN                   MT US SNOTEL     ,
SPRM8,3,2468.900 ,46.77962 ,-110.6217,MesoWest  ,           ,SPUR PARK                        MT US SNOTEL     ,
STAM8,3,1837.900 ,48.90902 ,-114.8630,MesoWest  ,           ,STAHL PEAK                       MT US SNOTEL     ,
STCM8,3,1996.400 ,46.92690 ,-110.9020,MesoWest  ,           ,STRINGER CREEK                   MT US SNOTEL     ,
STTM8,3,2255.500 ,46.99523 ,-113.9266,MesoWest  ,           ,STUART MOUNTAIN                  MT US SNOTEL     ,
TABM8,3,1455.400 ,45.80000 ,-111.5900,MesoWest  ,           ,TABLE MOUNTAIN                   MT US SNOTEL     ,
TPEM8,3,2438.400 ,44.78562 ,-111.7100,MesoWest  ,           ,TEPEE CREEK                      MT US SNOTEL     ,
TIBM8,3,2097.000 ,46.34937 ,-111.8531,MesoWest  ,           ,TIZER BASIN                      MT US SNOTEL     ,
TMCM8,3,1706.900 ,46.14287 ,-114.4475,MesoWest  ,           ,TWELVEMILE CREEK                 MT US SNOTEL     ,
TWLM8,3,1950.700 ,46.14380 ,-114.5056,MesoWest  ,           ,TWIN LAKES                       MT US SNOTEL     ,
CHUM8,3,1706.900 ,47.91998 ,-112.7909,MesoWest  ,           ,WALDRON                          MT US SNOTEL     ,
WRMM8,3,2377.400 ,46.27368 ,-113.1640,MesoWest  ,           ,WARM SPRINGS                     MT US SNOTEL     ,
WYSM8,3,2042.200 ,44.65866 ,-111.0920,MesoWest  ,           ,WEST YELLOWSTONE                 MT US SNOTEL     ,
WSKM8,3,2072.600 ,44.61088 ,-111.1500,MesoWest  ,           ,WHISKEY CREEK                    MT US SNOTEL     ,
WHTM8,3,2651.800 ,45.04575 ,-109.9099,MesoWest  ,           ,WHITE MILL                       MT US SNOTEL     ,
WODM8,3,1816.600 ,47.44847 ,-112.8143,MesoWest  ,           ,WOOD CREEK                       MT US SNOTEL     ,
MTNMT,3,1022.600 ,48.69604 ,-110.9790,MesoWest  ,           ,Adobe Ridge                      MT US MCSCN      ,
AUGMT,3,1241.100 ,47.49300 ,-112.3980,MesoWest  ,           ,Augusta                          MT US MCSCN      ,
JONMT,3,1410.000 ,46.31513 ,-109.8688,MesoWest  ,           ,Baxter                           MT US MCSCN      ,
BBTMT,3,1031.800 ,48.69802 ,-111.5020,MesoWest  ,           ,Black Butte                      MT US MCSCN      ,
SLMMT,3,907.4000 ,48.37542 ,-110.6423,MesoWest  ,           ,Black Coulee                     MT US MCSCN      ,
KNBMT,3,986.9000 ,48.41944 ,-109.6161,MesoWest  ,           ,Bullhook                         MT US MCSCN      ,
CCHMT,3,1432.600 ,45.60889 ,-109.3847,MesoWest  ,           ,Church                           MT US MCSCN      ,
CHOMT,3,1188.700 ,47.81400 ,-112.1860,MesoWest  ,           ,Cole                             MT US MCSCN      ,
COLMT,3,1080.200 ,47.93862 ,-111.8111,MesoWest  ,           ,Collins                          MT US MCSCN      ,
HNKMT,3,901.6000 ,48.33480 ,-110.8429,MesoWest  ,           ,Cottonwood Coulee                MT US MCSCN      ,
KNGMT,3,976.6000 ,48.54979 ,-111.5634,MesoWest  ,           ,Crooked Coulee                   MT US MCSCN      ,
DAHMT,3,1159.800 ,47.79403 ,-111.6040,MesoWest  ,           ,Dahlman                          MT US MCSCN      ,
BRKMT,3,1246.000 ,46.97248 ,-109.7259,MesoWest  ,           ,Dawkins Springs                  MT US MCSCN      ,
DELMT,3,1435.900 ,47.98488 ,-112.6053,MesoWest  ,           ,Dellwo                           MT US MCSCN      ,
DEVMT,3,975.4000 ,48.47310 ,-111.5367,MesoWest  ,           ,Devon                            MT US MCSCN      ,
GOLMT,3,1279.600 ,47.77167 ,-112.4075,MesoWest  ,           ,Gollehan                         MT US MCSCN      ,
HABMT,3,1036.600 ,47.95383 ,-111.5563,MesoWest  ,           ,Habel - NE Teton                 MT US MCSCN      ,
HODMT,3,1422.500 ,47.64713 ,-112.2856,MesoWest  ,           ,Hodgkiss                         MT US MCSCN      ,
KTGMT,3,1345.700 ,45.82722 ,-109.0889,MesoWest  ,           ,Keating                          MT US MCSCN      ,
LGRMT,3,1219.200 ,45.78472 ,-108.9658,MesoWest  ,           ,Linger                           MT US MCSCN      ,
LOHMT,3,1010.100 ,48.40745 ,-111.5591,MesoWest  ,           ,Lohr                             MT US MCSCN      ,
DMTMT,3,1002.800 ,48.46556 ,-111.2261,MesoWest  ,           ,Lothair                          MT US MCSCN      ,
MCBMT,3,1263.100 ,47.56483 ,-112.3395,MesoWest  ,           ,McBratny                         MT US MCSCN      ,
DSKMT,3,853.7000 ,48.87111 ,-109.6892,MesoWest  ,           ,Mud Lake                         MT US MCSCN      ,
RDHMT,3,1194.800 ,47.32306 ,-110.9294,MesoWest  ,           ,Neil Creek                       MT US MCSCN      ,
VSBMT,3,864.1000 ,48.85628 ,-110.3688,MesoWest  ,           ,Ninemile Coulee                  MT US MCSCN      ,
GALMT,3,1011.900 ,48.54620 ,-111.2936,MesoWest  ,           ,North Galata                     MT US MCSCN      ,
PRKMT,3,1214.600 ,47.98140 ,-112.3017,MesoWest  ,           ,Perkins Ranch                    MT US MCSCN      ,
RICMT,3,1245.100 ,48.03728 ,-112.1966,MesoWest  ,           ,Rice Ridge                       MT US MCSCN      ,
KEVMT,3,1021.100 ,48.73590 ,-111.9802,MesoWest  ,           ,Scott Bye Farm                   MT US MCSCN      ,
SUNMT,3,1075.900 ,48.82670 ,-111.8121,MesoWest  ,           ,Sunburst                         MT US MCSCN      ,
SWZMT,3,1409.700 ,46.04417 ,-109.0342,MesoWest  ,           ,Swartz                           MT US MCSCN      ,
TWOMT,3,1424.000 ,46.46122 ,-110.1953,MesoWest  ,           ,Twodot                           MT US MCSCN      ,
VANMT,3,1260.400 ,45.79889 ,-109.4186,MesoWest  ,           ,Van Oosten                       MT US MCSCN      ,
FGSMT,3,860.1000 ,48.66567 ,-109.8821,MesoWest  ,           ,West Flagstaff Rd                MT US MCSCN      ,
SLVMT,3,1041.200 ,47.58730 ,-109.4446,MesoWest  ,           ,Yaaps Corner                     MT US MCSCN      ,
COAM8,3,1129.600 ,48.30453 ,-111.9236,MesoWest  ,           ,CONRAD AG RC                     MT US SCAN       ,
FASM8,3,826.0000 ,48.48333 ,-109.8000,MesoWest  ,           ,FORT ASSINIBOINE #1              MT US SCAN       ,
JRDM8,3,859.5000 ,47.52200 ,-107.1273,MesoWest  ,           ,Jordan                           MT US SCAN       ,
LDSM8,3,816.9000 ,47.21415 ,-105.1870,MesoWest  ,           ,LINDSAY 1                        MT US SCAN       ,
MSCM8,3,1297.200 ,47.05818 ,-109.9508,MesoWest  ,           ,MOCCASIN                         MT US SCAN       ,
SISM8,3,693.1000 ,47.77000 ,-104.2500,MesoWest  ,           ,SIDNEY                           MT US SCAN       ,
VIOM8,3,983.0000 ,48.43578 ,-111.1842,MesoWest  ,           ,VIOLETT                          MT US SCAN       ,
HYSHM,3,811.7000 ,46.29000 ,-107.2300,MesoWest  ,           ,Hysham MT                        MT US SARC       ,
SARC ,3,914.4000 ,45.92278 ,-108.2453,MesoWest  ,           ,SOUTHERN AG. RESEARCH CENTER     MT US SARC       ,
LACCO,3,60.00000 ,47.03000 ,-122.8200,MesoWest  ,           ,LACEY COLLEGE STREET MT VIEW EL  WA US WAAQ       ,
JHMWY,3,2493.000 ,43.59000 ,-110.8400,MesoWest  ,           ,JACKSON HOLE-MID MT              WY US BTAVAL     ,
ANGM8,3,898.9000 ,47.98000 ,-114.1700,MesoWest  ,           ,Angel Point                      MT US MSOWFO     ,
ARLM8,3,944.9000 ,47.15000 ,-114.0800,MesoWest  ,           ,Arlee                            MT US MSOWFO     ,
BGAM8,3,898.9000 ,47.79000 ,-114.3100,MesoWest  ,           ,Big Arm                          MT US MSOWFO     ,
VICM8,3,1015.000 ,46.44000 ,-114.1200,MesoWest  ,           ,Bitterroot at Bell Crossing      MT US MSOWFO     ,
BBYM8,3,880.9000 ,47.83000 ,-114.0300,MesoWest  ,           ,Blue Bay                         MT US MSOWFO     ,
CWJM8,3,1170.400 ,47.00140 ,-113.3711,MesoWest  ,           ,Clearwater Junction              MT US MSOWFO     ,
COLM8,3,944.9000 ,48.36000 ,-114.1400,MesoWest  ,           ,Columbia Falls                   MT US MSOWFO     ,
CRUM8,3,885.1000 ,47.50000 ,-114.2300,MesoWest  ,           ,Crow Dam                         MT US MSOWFO     ,
DRCM8,3,1839.200 ,46.89000 ,-114.5600,MesoWest  ,           ,Deer Creek                       MT US MSOWFO     ,
EBDM8,3,885.4000 ,48.06390 ,-114.0993,MesoWest  ,           ,Eagle Bend SKT Alert             MT US MSOWFO     ,
FLB09,3,1221.000 ,47.87800 ,-114.0051,MesoWest  ,           ,East Shore                       MT US MSOWFO     ,
GRDWL,3,2240.000 ,48.73000 ,-113.7300,MesoWest  ,           ,Garden Wall USGS                 MT US MSOWFO     ,
HMNM8,3,1089.100 ,46.25000 ,-114.1500,MesoWest  ,           ,Hamilton                         MT US MSOWFO     ,
HELM8,3,1125.900 ,47.71000 ,-114.0200,MesoWest  ,           ,Hellroaring Dam                  MT US MSOWFO     ,
HSPM8,3,841.9000 ,47.61000 ,-114.6100,MesoWest  ,           ,Hot Springs                      MT US MSOWFO     ,
JOCM8,3,1455.100 ,47.20000 ,-113.7600,MesoWest  ,           ,Jocko Dam                        MT US MSOWFO     ,
KLSM8,3,897.6000 ,48.19000 ,-114.3100,MesoWest  ,           ,Kalispell Downtown               MT US MSOWFO     ,
KICM8,3,921.1000 ,47.45000 ,-114.0800,MesoWest  ,           ,Kicking Horse Dam                MT US MSOWFO     ,
LAIM8,3,1293.900 ,45.87000 ,-114.0500,MesoWest  ,           ,Laird Creek near Sula            MT US MSOWFO     ,
LDWM8,3,750.1000 ,48.47000 ,-115.3200,MesoWest  ,           ,Libby Dam                        MT US MSOWFO     ,
LBDM8,3,1182.000 ,48.08000 ,-114.7000,MesoWest  ,           ,Little Bitterroot Dam            MT US MSOWFO     ,
LDFM8,3,866.9000 ,47.70000 ,-114.6600,MesoWest  ,           ,Lower Dry Fork Dam               MT US MSOWFO     ,
LYGM8,3,1439.900 ,46.84000 ,-114.1600,MesoWest  ,           ,Lyons Gulch                      MT US MSOWFO     ,
MACM8,3,1092.100 ,47.43000 ,-113.9900,MesoWest  ,           ,Mcdonald Dam                     MT US MSOWFO     ,
FLB03,3,881.8000 ,47.86300 ,-114.0660,MesoWest  ,           ,Mid Lake Deep Buoy               MT US MSOWFO     ,
FLB04,3,881.8000 ,47.98400 ,-114.0850,MesoWest  ,           ,Mid Lake North Buoy              MT US MSOWFO     ,
MISM8,3,1036.000 ,47.31000 ,-114.0200,MesoWest  ,           ,Mission Dam                      MT US MSOWFO     ,
FLB06,3,881.8000 ,47.77200 ,-114.0960,MesoWest  ,           ,Narrows                          MT US MSOWFO     ,
NIPM8,3,903.1000 ,47.46000 ,-114.1500,MesoWest  ,           ,Ninepipe Dam                     MT US MSOWFO     ,
FCFM8,3,958.9000 ,48.50000 ,-114.1300,MesoWest  ,           ,North Fork Flathead              MT US MSOWFO     ,
FLB08,3,881.8000 ,48.05900 ,-114.1260,MesoWest  ,           ,North Shore                      MT US MSOWFO     ,
OLYM8,3,965.0000 ,48.55000 ,-114.5700,MesoWest  ,           ,Olney                            MT US MSOWFO     ,
PABM8,3,967.1000 ,47.64000 ,-114.1300,MesoWest  ,           ,Pablo Dam                        MT US MSOWFO     ,
PMAM8,3,783.0000 ,47.36000 ,-114.5400,MesoWest  ,           ,Perma                            MT US MSOWFO     ,
PISM8,3,1332.000 ,47.67000 ,-112.4900,MesoWest  ,           ,Pishkun River                    MT US MSOWFO     ,
POIM8,3,2055.000 ,46.71000 ,-114.4300,MesoWest  ,           ,Point 118                        MT US MSOWFO     ,
PT6M8,3,2414.000 ,47.10000 ,-113.9800,MesoWest  ,           ,Point Six Radar                  MT US MSOWFO     ,
PLSM8,3,898.9000 ,47.69000 ,-114.1700,MesoWest  ,           ,Polson                           MT US MSOWFO     ,
SODM8,3,926.9000 ,47.54000 ,-114.1000,MesoWest  ,           ,SOD Ronan                        MT US MSOWFO     ,
FLB07,3,881.8000 ,48.06500 ,-114.2260,MesoWest  ,           ,Somers                           MT US MSOWFO     ,
TBOM8,3,1246.000 ,47.26000 ,-113.9400,MesoWest  ,           ,Tabor Dam                        MT US MSOWFO     ,
THFM8,3,737.6000 ,47.59000 ,-115.3200,MesoWest  ,           ,Thompson Falls                   MT US MSOWFO     ,
TURM8,3,946.1000 ,47.67000 ,-114.0700,MesoWest  ,           ,Turtle Dam                       MT US MSOWFO     ,
UDFM8,3,889.1000 ,47.75000 ,-114.6700,MesoWest  ,           ,Upper Dry Fork Dam               MT US MSOWFO     ,
FLB02,3,998.8000 ,47.92100 ,-114.1710,MesoWest  ,           ,West Shore                       MT US MSOWFO     ,
WOOM8,3,898.9000 ,47.99000 ,-114.0600,MesoWest  ,           ,Woods Bay                        MT US MSOWFO     ,
FLB01,3,911.4000 ,47.87400 ,-114.0340,MesoWest  ,           ,Yellow Bay Hill                  MT US MSOWFO     ,
FLB05,3,880.9000 ,47.87200 ,-114.0350,MesoWest  ,           ,Yellow Bay Point                 MT US MSOWFO     ,
K3U3 ,3,1533.100 ,46.15313 ,-112.8678,MesoWest  ,           ,ANACONDA                         MT US GTFWFO     ,
ZOOM8,3,979.6000 ,45.73140 ,-108.6240,MesoWest  ,           ,CANYON CREEK AT ZOOMONTANA       MT US GTFWFO     ,
KS71 ,3,736.4000 ,48.59211 ,-109.2506,MesoWest  ,           ,CHINOOK                          MT US GTFWFO     ,
KCII ,3,1203.000 ,47.82830 ,-112.1683,MesoWest  ,           ,Choteau Airport                  MT US GTFWFO     ,
KS01 ,3,1080.500 ,48.16863 ,-111.9765,MesoWest  ,           ,CONRAD                           MT US GTFWFO     ,
SHDM8,3,1198.800 ,46.33530 ,-109.4506,MesoWest  ,           ,DEADMANS BASIN SUPPLY CANAL      MT US GTFWFO     ,
K38S ,3,1430.400 ,46.38783 ,-112.7649,MesoWest  ,           ,DEER LODGE                       MT US GTFWFO     ,
DCSM8,3,1075.300 ,47.51611 ,-111.8861,MesoWest  ,           ,DUCK CREEK ABOVE SIMMS ASHUELOT  MT US GTFWFO     ,
GNMM8,3,1275.300 ,45.89279 ,-111.3091,MesoWest  ,           ,EAST GALLATIN RIVER NEAR MANHATT MT US GTFWFO     ,
K97M ,3,1067.700 ,45.87791 ,-104.5375,MesoWest  ,           ,EKALAKA AIRPORT                  MT US GTFWFO     ,
K88M ,3,813.2000 ,48.97383 ,-115.0763,MesoWest  ,           ,EUREKA                           MT US GTFWFO     ,
K1S3 ,3,831.2000 ,46.27116 ,-106.6239,MesoWest  ,           ,FORSYTH                          MT US GTFWFO     ,
K79S ,3,874.5000 ,47.84511 ,-110.6365,MesoWest  ,           ,FORT BENTON                      MT US GTFWFO     ,
FRCM8,3,659.3000 ,48.52790 ,-107.2560,MesoWest  ,           ,FRENCHMAN CREEK AT MOUTH         MT US GTFWFO     ,
K6S5 ,3,1110.100 ,46.25149 ,-114.1255,MesoWest  ,           ,HAMILTON                         MT US GTFWFO     ,
MHWD ,3,1008.900 ,47.50000 ,-110.8800,MesoWest  ,           ,HIGHWOOD HAM                     MT US GTFWFO     ,
KS59 ,3,792.8000 ,48.28400 ,-115.4900,MesoWest  ,           ,Libby                            MT US GTFWFO     ,
MTCM8,3,1465.200 ,46.45410 ,-110.3088,MesoWest  ,           ,MARTINSDALE SUPPLY CANAL         MT US GTFWFO     ,
MCSM8,3,1045.800 ,47.54478 ,-111.7106,MesoWest  ,           ,MILL COULEE CREEK NEAR SUN RIVER MT US GTFWFO     ,
BAIM8,3,1599.600 ,46.57470 ,-110.5535,MesoWest  ,           ,NORTH FORK MUSSELSHELL BELOW BAI MT US GTFWFO     ,
DLPM8,3,1634.300 ,46.60940 ,-110.5770,MesoWest  ,           ,NORTH FORK MUSSELSHELL RIVER NEA MT US GTFWFO     ,
KS34 ,3,750.4000 ,47.47355 ,-114.9071,MesoWest  ,           ,PLAINS                           MT US GTFWFO     ,
KPWD ,3,685.8000 ,48.78863 ,-104.5232,MesoWest  ,           ,PLENTYWOOD                       MT US GTFWFO     ,
KPO1 ,3,620.6000 ,48.13444 ,-105.1621,MesoWest  ,           ,POPLAR                           MT US GTFWFO     ,
RCDM8,3,1729.100 ,44.91487 ,-112.8270,MesoWest  ,           ,RED ROCK RIVER ABOVE CLARK CANYO MT US GTFWFO     ,
KRPX ,3,1064.100 ,46.47499 ,-108.5434,MesoWest  ,           ,ROUNDUP                          MT US GTFWFO     ,
RNSM8,3,1634.300 ,45.43324 ,-112.2561,MesoWest  ,           ,RUBY RIVER AT HARRINGTON BRIDGE  MT US GTFWFO     ,
K9S2 ,3,741.3000 ,48.80772 ,-105.4395,MesoWest  ,           ,SCOBEY AIRPORT                   MT US GTFWFO     ,
SNBM8,3,1641.000 ,45.57908 ,-111.0204,MesoWest  ,           ,SOURDOUGH CREEK ABOVE CITY INTAK MT US GTFWFO     ,
SGCM8,3,1698.000 ,46.16470 ,-110.1130,MesoWest  ,           ,SWEET GRASS CREEK NEAR TRONRUD B MT US GTFWFO     ,
TCHM8,3,1128.700 ,47.81130 ,-112.0883,MesoWest  ,           ,TETON RIVER ABOVE HWY 221 BRIDGE MT US GTFWFO     ,
TRAM8,3,1253.900 ,47.87154 ,-112.3011,MesoWest  ,           ,TETON RIVER ABOVE SPRINGHILL NEA MT US GTFWFO     ,
KTHM ,3,751.9000 ,47.57350 ,-115.2807,MesoWest  ,           ,THOMPSON FALLS                   MT US GTFWFO     ,
K9S5 ,3,1246.300 ,45.87811 ,-111.5694,MesoWest  ,           ,THREEFORKS                       MT US GTFWFO     ,
K7S1 ,3,1456.000 ,45.53377 ,-112.3026,MesoWest  ,           ,TWIN BRIDGES                     MT US GTFWFO     ,
WSCM8,3,1006.800 ,47.28144 ,-109.6764,MesoWest  ,           ,WARM SPRINGS CREEK AT SAND ROCK  MT US GTFWFO     ,
WRNM8,3,1719.700 ,45.79751 ,-112.9497,MesoWest  ,           ,WISE RIVER NEAR MOUTH RIVER NEAR MT US GTFWFO     ,
BIGMS,3,2053.400 ,48.50248 ,-114.3421,MesoWest  ,           ,Big Mountain Summit: Whitefish S MT US GNP        ,
GDNWL,3,2255.500 ,48.74167 ,-113.7373,MesoWest  ,           ,Garden Wall                      MT US GNP        ,
LGPVC,3,2065.000 ,48.69490 ,-113.7169,MesoWest  ,           ,Logan Pass Visitors Center       MT US GNP        ,
SNSLP,3,2139.700 ,48.25515 ,-113.5023,MesoWest  ,           ,Snowslip                         MT US GNP        ,
GGWAC,3,691.9000 ,48.79119 ,-104.4046,MesoWest  ,           ,ATOR CREEK                       MT US GGWWFO     ,
GGWBA,3,609.3000 ,48.13910 ,-104.2252,MesoWest  ,           ,Bainville                        MT US GGWWFO     ,
GGWCR,3,657.8000 ,48.67810 ,-104.2324,MesoWest  ,           ,COALRIDGE                        MT US GGWWFO     ,
GGWDO,3,741.0000 ,48.90250 ,-104.4965,MesoWest  ,           ,DOOLEY                           MT US GGWWFO     ,
GGWDC,3,701.0000 ,47.98110 ,-106.5127,MesoWest  ,           ,DUCK CREEK REC SITE              MT US GGWWFO     ,
GGWFV,3,591.0000 ,47.85868 ,-104.0477,MesoWest  ,           ,FAIRVIEW                         MT US GGWWFO     ,
GGWFP,3,694.9000 ,48.00840 ,-106.3962,MesoWest  ,           ,FORT PECK DAM                    MT US GGWWFO     ,
GGWFB,3,702.9000 ,47.74460 ,-107.7759,MesoWest  ,           ,FOURCHETTE                       MT US GGWWFO     ,
GGWHY,3,797.1000 ,47.49949 ,-108.0969,MesoWest  ,           ,HAY COULEE                       MT US GGWWFO     ,
GGWHC,3,708.7000 ,47.71000 ,-106.8700,MesoWest  ,           ,HELL CREEK REC SITE              MT US GGWWFO     ,
GGWTQ,3,620.0000 ,48.77081 ,-104.5502,MesoWest  ,           ,KATQ PLENTYWOOD                  MT US GGWWFO     ,
GGWKL,3,609.9000 ,48.49880 ,-104.1849,MesoWest  ,           ,KATY LAKE                        MT US GGWWFO     ,
GGWKB,3,721.8000 ,48.66634 ,-104.7862,MesoWest  ,           ,KISLER BUTTE                     MT US GGWWFO     ,
GGWBL,3,882.7000 ,48.45430 ,-105.7809,MesoWest  ,           ,Lustre 5 NE                      MT US GGWWFO     ,
GGWZF,3,832.4000 ,48.27690 ,-105.9617,MesoWest  ,           ,Lustre 9 SW                      MT US GGWWFO     ,
GGWML,3,694.9000 ,48.34694 ,-107.8783,MesoWest  ,           ,MALTA HANDAR                     MT US GGWWFO     ,
GGWMB,3,655.6000 ,48.21480 ,-104.3053,MesoWest  ,           ,McCabe                           MT US GGWWFO     ,
GGWNS,3,625.8000 ,48.13610 ,-106.3539,MesoWest  ,           ,NASHUA HIGH SCHOOL               MT US GGWWFO     ,
GGWNN,3,573.9000 ,48.00542 ,-104.0793,MesoWest  ,           ,NORTH  NOHLY                     MT US GGWWFO     ,
GGWNM,3,641.9000 ,48.52130 ,-104.4276,MesoWest  ,           ,NORTH MEDICINE LAKE              MT US GGWWFO     ,
GGW11,3,606.9000 ,47.72733 ,-104.1836,MesoWest  ,           ,NW Sidney                        MT US GGWWFO     ,
GGWOP,3,993.0000 ,48.85000 ,-106.4100,MesoWest  ,           ,OPHEIM HIGH SCHOOL               MT US GGWWFO     ,
GGWPE,3,726.9000 ,47.83599 ,-106.6355,MesoWest  ,           ,PINES REC SITE                   MT US GGWWFO     ,
GGWPP,3,801.0000 ,48.58150 ,-104.9939,MesoWest  ,           ,PLEASANT PRAIRIE                 MT US GGWWFO     ,
GGWPW,3,686.1000 ,48.82000 ,-104.5300,MesoWest  ,           ,PLENTYWOOD                       MT US GGWWFO     ,
GGWRC,3,702.0000 ,47.75810 ,-106.2883,MesoWest  ,           ,ROCK CREEK REC SITE              MT US GGWWFO     ,
07MT ,3,842.2000 ,48.41085 ,-106.5160,MesoWest  ,           ,SAINT MARIE MARCO SITE           MT US GGWWFO     ,
GGWSC,3,675.1000 ,48.39043 ,-104.2736,MesoWest  ,           ,SAND CREEK                       MT US GGWWFO     ,
GGWSH,3,951.0000 ,48.02000 ,-106.2900,MesoWest  ,           ,Signal Hill                      MT US GGWWFO     ,
GGWSW,3,637.9000 ,48.41904 ,-104.4558,MesoWest  ,           ,SOUTHWEST MEDICINE LAKE          MT US GGWWFO     ,
GGWSP,3,780.0000 ,47.88412 ,-107.8860,MesoWest  ,           ,SUN PRAIRIE PHILLIPS CO          MT US GGWWFO     ,
GGWUC,3,983.0000 ,47.03510 ,-107.2727,MesoWest  ,           ,UNION CREEK                      MT US GGWWFO     ,
GGWWS,3,717.8000 ,47.70105 ,-104.3406,MesoWest  ,           ,WEST OF SIDNEY                   MT US GGWWFO     ,
GGWWR,3,755.0000 ,48.98070 ,-104.7507,MesoWest  ,           ,WEST PORT OF RAYMOND             MT US GGWWFO     ,
GGWWL,3,755.9000 ,49.00000 ,-105.1700,MesoWest  ,           ,Whitetail 7N                     MT US GGWWFO     ,
GGWWW,3,709.9000 ,48.76000 ,-107.6200,MesoWest  ,           ,WHITEWATER HIGH SCHOOL           MT US GGWWFO     ,
GGWWT,3,905.0000 ,47.01000 ,-108.3600,MesoWest  ,           ,WINNETT HANDAR                   MT US GGWWFO     ,
GGWYI,3,716.0000 ,47.92000 ,-106.4600,MesoWest  ,           ,YORK ISLAND                      MT US GGWWFO     ,
NS028,3,1402.100 ,48.90000 ,-113.7000,MesoWest  ,           ,BELLYR                           MT US            ,
NS029,3,2194.900 ,45.58000 ,-109.8800,MesoWest  ,           ,DERBY MT.                        MT US            ,
NS030,3,1505.100 ,45.33000 ,-111.7300,MesoWest  ,           ,ENNIS                            MT US            ,
NS031,3,772.1000 ,48.89000 ,-115.0500,MesoWest  ,           ,EUREKA RANGER STA                MT US            ,
NS033,3,1585.000 ,47.87000 ,-112.6700,MesoWest  ,           ,GLEASON                          MT US            ,
NS088,3,1585.000 ,47.86780 ,-112.6678,MesoWest  ,           ,GLEASON                          MT US            ,
NS034,3,2032.100 ,44.67000 ,-111.1000,MesoWest  ,           ,HEBGEN                           MT US            ,
NS035,3,1328.900 ,45.87000 ,-112.1200,MesoWest  ,           ,JEFFERSON                        MT US            ,
NS036,3,630.9000 ,48.40000 ,-115.5300,MesoWest  ,           ,LIBBY RANGER STAT                MT US            ,
NS037,3,1609.000 ,46.32000 ,-113.3000,MesoWest  ,           ,PBURG                            MT US            ,
NS038,3,765.0000 ,47.71690 ,-115.2669,MesoWest  ,           ,PLAINS                           MT US            ,
NS039,3,1082.000 ,48.70000 ,-114.3000,MesoWest  ,           ,POLEBRIDGE                       MT US            ,
NS040,3,1291.100 ,47.18000 ,-113.4500,MesoWest  ,           ,SEELEY LAKE                      MT US            ,
NS041,3,1653.800 ,45.46000 ,-111.2400,MesoWest  ,           ,SQUAW CREEK                      MT US            ,
NS042,3,816.9000 ,47.31000 ,-115.1100,MesoWest  ,           ,ST. REGIS                        MT US            ,
NS043,3,2021.100 ,45.93000 ,-113.7400,MesoWest  ,           ,TEPEE POINT                      MT US            ,
NS044,3,750.1000 ,47.58000 ,-115.2800,MesoWest  ,           ,THOMPSONFALLS AIR                MT US            ,
NS045,3,1998.900 ,45.16000 ,-109.3600,MesoWest  ,           ,TIMBERCREST                      MT US            ,
NS047,3,594.1000 ,48.48000 ,-115.9100,MesoWest  ,           ,TROY RANGER STATI                MT US            ,
NS048,3,1542.000 ,46.53000 ,-110.8900,MesoWest  ,           ,WHITE SULPHUR SPR                MT US            ,
NS049,3,1738.900 ,45.78000 ,-112.9300,MesoWest  ,           ,WISE RIVER                       MT US            ,
NS050,3,914.1000 ,48.92000 ,-115.6600,MesoWest  ,           ,YAAK                             MT US            ,
NS051,3,2803.900 ,45.17000 ,-111.3500,MesoWest  ,           ,YELLOWMULE                       MT US            ,
TMPF1,3,1585.000 ,47.87000 ,-112.6700,MesoWest  ,           ,GLEASON                          MT US            ,
TMPF2,3,1400.900 ,46.97000 ,-112.6400,MesoWest  ,           ,LINCOLN                          MT US            ,
TMPF3,3,1086.900 ,47.33000 ,-108.9300,MesoWest  ,           ,OSCAR                            MT US            ,
TMPF4,3,2414.000 ,47.04000 ,-113.9800,MesoWest  ,           ,POINT 6                          MT US            ,
TMPF5,3,765.0000 ,48.04000 ,-111.7900,MesoWest  ,           ,SIERRA                           MT US            ,
TMPF6,3,1585.000 ,45.82000 ,-114.2600,MesoWest  ,           ,WEST FORK                        MT US            ,
TMPF7,3,1542.000 ,46.53000 ,-110.8900,MesoWest  ,           ,WHITE SULPHUR SPRING             MT US            ,
K6S8 ,3,1072.000 ,45.70308 ,-108.7611,NonFedAWOS,           ,LAURELMUNC                       MT US SUPERAWOS  ,
K7S0 ,3,940.0000 ,47.56717 ,-114.1011,NonFedAWOS,           ,RONANAIRPORT                     MT US SUPERAWOS  ,
K7S1 ,3,1456.000 ,45.53377 ,-112.3026,NonFedAWOS,           ,TWINBRIDGES                      MT US SUPERAWOS  ,
K97M ,3,1067.700 ,45.87791 ,-104.5375,NonFedAWOS,           ,EKALAKAAIRPORT                   MT US SUPERAWOS  ,
K9S2 ,3,741.3000 ,48.80772 ,-105.4395,NonFedAWOS,           ,SCOBEY                           MT US SUPERAWOS  ,
K9S5 ,3,1246.300 ,45.87811 ,-111.5694,NonFedAWOS,           ,THREEFORKS                       MT US SUPERAWOS  ,
KRPX ,3,1064.100 ,46.47499 ,-108.5434,NonFedAWOS,           ,ROUNDUP                          MT US SUPERAWOS  ,
KTHM ,3,751.9000 ,47.57350 ,-115.2807,NonFedAWOS,           ,THOMPFALLS                       MT US SUPERAWOS  ,
KM75 ,3,687.0000 ,48.36694 ,-107.9193,NonFedAWOS,           ,MALTAAIRPORT                     MT US SUPERAWOS  ,
KS01 ,3,1080.500 ,48.16863 ,-111.9765,NonFedAWOS,           ,CONRAD                           MT US SUPERAWOS  ,
KS34 ,3,750.4000 ,47.47355 ,-114.9071,NonFedAWOS,           ,PLAINS                           MT US SUPERAWOS  ,
1S39 ,3,831.2000 ,46.27116 ,-106.6239,NonFedAWOS,           ,FORSYTH                          MT US DIGIWX     ,
38S9 ,3,1430.400 ,46.38783 ,-112.7649,NonFedAWOS,           ,DEER LODGE                       MT US DIGIWX     ,
3U39 ,3,1533.100 ,46.15313 ,-112.8678,NonFedAWOS,           ,ANACONDA                         MT US DIGIWX     ,
6S09 ,3,1369.200 ,45.80639 ,-109.9811,NonFedAWOS,           ,BIG TIMBER                       MT US DIGIWX     ,
6S59 ,3,1110.100 ,46.25149 ,-114.1255,NonFedAWOS,           ,HAMILTON                         MT US DIGIWX     ,
79S9 ,3,874.5000 ,47.84511 ,-110.6365,NonFedAWOS,           ,FORT BENTON                      MT US DIGIWX     ,
88M9 ,3,813.2000 ,48.97383 ,-115.0763,NonFedAWOS,           ,EUREKA                           MT US DIGIWX     ,
EKS9 ,3,1652.900 ,45.27436 ,-111.6489,NonFedAWOS,           ,ENNIS                            MT US DIGIWX     ,
M469 ,3,1044.700 ,45.85283 ,-106.7093,NonFedAWOS,           ,COLSTRIP                         MT US DIGIWX     ,
PO19 ,3,620.6000 ,48.13444 ,-105.1621,NonFedAWOS,           ,POPLAR                           MT US DIGIWX     ,
PWD9 ,3,685.8000 ,48.78863 ,-104.5232,NonFedAWOS,           ,PLENTYWOOD                       MT US DIGIWX     ,
S599 ,3,792.8000 ,48.28383 ,-115.4902,NonFedAWOS,           ,LIBBY                            MT US DIGIWX     ,
S719 ,3,736.4000 ,48.59211 ,-109.2506,NonFedAWOS,           ,CHINOOK                          MT US DIGIWX     ,
LMRM8,3,2071.100 ,44.68667 ,-112.5417,RAWS      ,           ,ANTELOPE                         MT US            ,
ARMM8,3,867.2000 ,47.58875 ,-108.8681,RAWS      ,           ,ARMELLS CREEK                    MT US            ,
TS897,3,1199.100 ,45.26691 ,-106.3502,RAWS      ,           ,ASHLAND PORTABLE                 MT US            ,
BAFM8,3,1335.900 ,45.64813 ,-106.5027,RAWS      ,           ,BADGER PEAK                      MT US            ,
BIFM8,3,1310.600 ,48.63333 ,-115.5833,RAWS      ,           ,BC BALDY                         MT US            ,
TR267,3,2112.000 ,45.73350 ,-113.8809,RAWS      ,           ,BEAVERHEAD DEERLODGE #1          MT US            ,
BDLM8,3,1820.000 ,46.08390 ,-113.5062,RAWS      ,           ,BEAVERHEAD DEERLODGE #2          MT US            ,
BEFM8,3,1630.700 ,47.50000 ,-112.9000,RAWS      ,           ,BENCHMARK                        MT US            ,
TR283,3,1414.000 ,47.51167 ,-113.2394,RAWS      ,           ,BIG PRAIRIE QD                   MT US            ,
LCFM8,3,966.8000 ,47.02819 ,-105.8047,RAWS      ,           ,BIG SHEEP MOUNTAIN               MT US            ,
BHMM8,3,2493.300 ,45.07333 ,-107.8887,RAWS      ,           ,BIGHORN MOUNTAIN                 MT US            ,
TS934,3,1040.000 ,46.82072 ,-114.1009,RAWS      ,           ,BLUE MTN                         MT US            ,
BLUM8,3,777.2000 ,48.86833 ,-106.9481,RAWS      ,           ,BLUFF CREEK                      MT US            ,
BOOM8,3,1207.900 ,48.14389 ,-114.7181,RAWS      ,           ,BOORMAN                          MT US            ,
BSHM8,3,1197.900 ,45.05486 ,-105.9484,RAWS      ,           ,BRADSHAW CREEK                   MT US            ,
BRRM8,3,2021.100 ,44.93656 ,-113.2524,RAWS      ,           ,BRENNER                          MT US            ,
BGRM8,3,1336.200 ,48.56142 ,-113.0133,RAWS      ,           ,BROWNING                         MT US            ,
BTKM8,3,2119.600 ,44.94750 ,-111.9611,RAWS      ,           ,BURNT CREEK                      MT US            ,
TRCM8,3,725.1000 ,47.86667 ,-115.6250,RAWS      ,           ,CABINET (TROUT CREEK)            MT US            ,
CACM8,3,901.9000 ,46.48369 ,-104.0669,RAWS      ,           ,CANNONBALL CREEK                 MT US            ,
TS856,3,1170.100 ,47.01361 ,-113.3331,RAWS      ,           ,CLEARWATER                       MT US            ,
CONM8,3,1122.900 ,47.53611 ,-113.7172,RAWS      ,           ,CONDON WORK CENTER               MT US            ,
MCCM8,3,983.9000 ,46.03331 ,-106.1946,RAWS      ,           ,COW CREEK                        MT US            ,
TT453,3,2231.400 ,46.15808 ,-110.3842,RAWS      ,           ,CRAZY                            MT US            ,
TR287,3,1781.600 ,45.49238 ,-109.9159,RAWS      ,           ,CUSTER #1 PORTABLE               MT US            ,
DBOM8,3,1088.700 ,47.13280 ,-111.9008,RAWS      ,           ,DEARBORN                         MT US            ,
DCRM8,3,1627.600 ,48.35557 ,-113.1137,RAWS      ,           ,DEEP CREEK                       MT US            ,
DEEM8,3,2219.600 ,46.02549 ,-114.0552,RAWS      ,           ,DEER MOUNTAIN                    MT US            ,
DBYM8,3,2011.700 ,45.57722 ,-109.8789,RAWS      ,           ,DERBY MOUNTAIN                   MT US            ,
DBCM8,3,961.0000 ,47.24414 ,-108.3589,RAWS      ,           ,DRY BLOOD CREEK                  MT US            ,
EKIM8,3,1218.000 ,45.81044 ,-104.4631,RAWS      ,           ,EKALAKA                          MT US            ,
EKHM8,3,1831.900 ,46.31472 ,-111.6967,RAWS      ,           ,ELKHORN                          MT US            ,
ENNM8,3,1585.600 ,45.30186 ,-111.7542,RAWS      ,           ,ENNIS                            MT US            ,
EURM8,3,802.2000 ,48.89780 ,-115.0584,RAWS      ,           ,EUREKA                           MT US            ,
FIEM8,3,1414.600 ,48.27773 ,-113.4326,RAWS      ,           ,FIELDING                         MT US            ,
TR266,3,1353.600 ,47.04593 ,-114.1121,RAWS      ,           ,FINNEY'S MEADOW                  MT US            ,
TS675,3,1208.800 ,46.92181 ,-113.4594,RAWS      ,           ,FIRE EFFECTS PORTABLE #2         MT US            ,
TS673,3,2237.800 ,46.89766 ,-110.9191,RAWS      ,           ,FIRE EFFECTS PORTABLE #3         MT US            ,
TS259,3,658.4000 ,48.36306 ,-115.3194,RAWS      ,           ,FISHER RIVER                     MT US            ,
FSLM8,3,1386.800 ,45.45806 ,-109.5714,RAWS      ,           ,FISHTAIL                         MT US            ,
FBLM8,3,812.3000 ,48.30420 ,-108.7189,RAWS      ,           ,FORT BELKNAP                     MT US            ,
FHFM8,3,1049.700 ,45.29722 ,-106.1618,RAWS      ,           ,FORT HOWES                       MT US            ,
FCRM8,3,2262.200 ,45.33000 ,-112.9128,RAWS      ,           ,FRENCH CREEK                     MT US            ,
GAAM8,3,1994.900 ,46.22100 ,-112.2285,RAWS      ,           ,GALENA                           MT US            ,
GPKM8,3,1645.900 ,47.78972 ,-112.9394,RAWS      ,           ,GATES PARK                       MT US            ,
GINM8,3,1332.000 ,46.32917 ,-111.5881,RAWS      ,           ,GINGER                           MT US            ,
GPRM8,3,2118.400 ,46.19322 ,-113.9226,RAWS      ,           ,GIRD POINT                       MT US            ,
GSNM8,3,1542.300 ,47.87250 ,-112.6708,RAWS      ,           ,GLEASON                          MT US            ,
HRKM8,3,2560.300 ,44.46500 ,-112.9519,RAWS      ,           ,HARKNESS                         MT US            ,
TS966,3,1641.700 ,46.66403 ,-113.4239,RAWS      ,           ,HARVEY GROUSE                    MT US            ,
HBRM8,3,2042.200 ,44.66597 ,-111.0991,RAWS      ,           ,HEBGEN LAKE                      MT US            ,
HRWM8,3,1158.200 ,46.73167 ,-112.0192,RAWS      ,           ,HELENA                           MT US            ,
TS911,3,1508.800 ,46.57931 ,-112.0797,RAWS      ,           ,HELENA PORTABLE #1               MT US            ,
TT236,3,1243.600 ,46.70048 ,-111.7323,RAWS      ,           ,HELENA PORTABLE #2               MT US            ,
HBOM8,3,1214.900 ,45.10392 ,-108.2197,RAWS      ,           ,HILLSBORO                        MT US            ,
CYFM8,3,1981.200 ,48.87658 ,-114.5094,RAWS      ,           ,HORNET                           MT US            ,
HORM8,3,1040.600 ,46.42580 ,-108.6745,RAWS      ,           ,HORSE THIEF                      MT US            ,
HOTM8,3,832.1000 ,47.61303 ,-114.6154,RAWS      ,           ,HOT SPRINGS                      MT US            ,
HNYM8,3,951.9000 ,48.38333 ,-114.0575,RAWS      ,           ,HUNGRY HORSE                     MT US            ,
TR726,3,1676.400 ,48.34255 ,-113.6926,RAWS      ,           ,HUNGRY HORSE QD                  MT US            ,
TT021,3,1862.600 ,46.73561 ,-114.4158,RAWS      ,           ,IRAWS 22  (WEST BUTTE LO)        MT US            ,
TT022,3,1827.300 ,46.72558 ,-114.1683,RAWS      ,           ,IRAWS 23 (MORMON PEAK)           MT US            ,
TT028,3,1661.500 ,46.68039 ,-113.5831,RAWS      ,           ,IRAWS 25 (DP18)                  MT US            ,
TT029,3,1802.600 ,46.33270 ,-113.6122,RAWS      ,           ,IRAWS 26 (STONEY RIDGE)          MT US            ,
TT030,3,1816.600 ,47.04036 ,-114.9016,RAWS      ,           ,IRAWS 27 (H-10)                  MT US            ,
BOFC1,3,2339.300 ,47.18995 ,-113.3581,RAWS      ,           ,IRAWS 31(MORRELL LO)             MT US            ,
TT040,3,1675.200 ,47.24622 ,-113.5008,RAWS      ,           ,IRAWS 34 (H1)                    MT US            ,
THHC1,3,1083.900 ,46.75897 ,-114.2518,RAWS      ,           ,IRAWS 39 (DP10)                  MT US            ,
TT053,3,1061.900 ,47.13883 ,-114.8572,RAWS      ,           ,IRAWS 47  (TROUT)                MT US            ,
TT054,3,1168.900 ,48.89414 ,-114.9343,RAWS      ,           ,IRAWS 48 (SINCLAIR)              MT US            ,
TT055,3,1201.500 ,48.89050 ,-114.7989,RAWS      ,           ,IRAWS 49 (BIRCH)                 MT US            ,
TT034,3,1563.600 ,47.15475 ,-113.6533,RAWS      ,           ,IRAWS 5 (POWERLINE)              MT US            ,
TT056,3,2210.400 ,48.76475 ,-114.7905,RAWS      ,           ,IRAWS 50 (MARSTON)               MT US            ,
TT430,3,1963.200 ,47.17558 ,-113.3501,RAWS      ,           ,IRAWS 51 (H8)                    MT US            ,
TT431,3,1372.500 ,47.18758 ,-113.3980,RAWS      ,           ,IRAWS 52 (COTTONWOOD)            MT US            ,
TT435,3,1664.200 ,47.05442 ,-113.7432,RAWS      ,           ,IRAWS 56 (GOLD CREEK)            MT US            ,
TT076,3,2110.400 ,46.12678 ,-113.6863,RAWS      ,           ,IRAWS 6 (MEDICINE LAKE)          MT US            ,
TT077,3,2372.300 ,46.58950 ,-113.5564,RAWS      ,           ,IRAWS 7 (SLIDEROCK)              MT US            ,
TT078,3,1796.800 ,46.40733 ,-113.4759,RAWS      ,           ,IRAWS 8 (HORSE CANYON)           MT US            ,
JETM8,3,1095.100 ,47.76706 ,-114.2338,RAWS      ,           ,JETTE                            MT US            ,
JPKM8,3,1959.300 ,47.21753 ,-109.2228,RAWS      ,           ,JUDITH PEAK                      MT US            ,
KIGM8,3,841.2000 ,47.79672 ,-107.0218,RAWS      ,           ,KING COULEE                      MT US            ,
TT166,3,1511.500 ,48.66245 ,-115.2343,RAWS      ,           ,KNF PORTABLE 2                   MT US            ,
KTFM8,3,1011.900 ,46.30739 ,-105.0298,RAWS      ,           ,KNOWLTON                         MT US            ,
TT230,3,890.3000 ,48.04282 ,-115.2978,RAWS      ,           ,KOOTENAI PORTABLE #3             MT US            ,
LBBM8,3,630.9000 ,48.38333 ,-115.5667,RAWS      ,           ,LIBBY                            MT US            ,
LNCM8,3,1401.200 ,46.95515 ,-112.6525,RAWS      ,           ,LINCOLN                          MT US            ,
LBHM8,3,974.4000 ,45.56992 ,-107.4362,RAWS      ,           ,LITTLE BIGHORN                   MT US            ,
LBCM8,3,944.9000 ,47.83144 ,-109.0084,RAWS      ,           ,LITTLE BULLWHACKER CREEK         MT US            ,
LRCM8,3,1678.500 ,46.03783 ,-114.2627,RAWS      ,           ,LITTLE ROCK CREEK                MT US            ,
LSNM8,3,1516.400 ,46.75128 ,-109.0232,RAWS      ,           ,LITTLE SNOWY                     MT US            ,
TR279,3,1376.500 ,46.78108 ,-114.5890,RAWS      ,           ,LOLO PORTABLE #1                 MT US            ,
TR286,3,1282.900 ,47.37378 ,-115.4340,RAWS      ,           ,LOLO PORTABLE #2                 MT US            ,
TS895,3,1602.000 ,47.66874 ,-114.7884,RAWS      ,           ,LOLO PORTABLE #3                 MT US            ,
TT234,3,1245.400 ,47.12628 ,-113.1515,RAWS      ,           ,LOLO PORTABLE #4                 MT US            ,
TT350,3,2042.200 ,46.56567 ,-113.8122,RAWS      ,           ,LOLO PORTABLE #5                 MT US            ,
MBRM8,3,1647.400 ,45.45813 ,-110.1977,RAWS      ,           ,MAIN BOULDER                     MT US            ,
MCDM8,3,938.8000 ,47.70164 ,-108.4781,RAWS      ,           ,MANNING CORRAL DOGTOWN           MT US            ,
MLKM8,3,602.0000 ,48.48722 ,-104.4758,RAWS      ,           ,MEDICINE LAKE                    MT US            ,
TS588,3,868.7000 ,47.21833 ,-107.8261,RAWS      ,           ,MILES CITY PORTABLE_2014         MT US            ,
TS584,3,977.8000 ,45.99145 ,-105.7924,RAWS      ,           ,MILES CITY QD (YARGER)           MT US            ,
MSLM8,3,2009.600 ,46.90542 ,-113.2574,RAWS      ,           ,MISSOULA QD1                     MT US            ,
TR713,3,1253.900 ,45.48158 ,-106.5262,RAWS      ,           ,MTNCA_PORT1                      MT US            ,
TR714,3,1285.600 ,45.45042 ,-106.7058,RAWS      ,           ,MTRMA_PORT1                      MT US            ,
NCRM8,3,1717.600 ,46.73692 ,-110.8512,RAWS      ,           ,NEWLAN CREEK                     MT US            ,
NINM8,3,1010.100 ,47.07133 ,-114.4014,RAWS      ,           ,NINE MILE                        MT US            ,
PRDM8,3,1392.600 ,47.26833 ,-114.9169,RAWS      ,           ,PARDEE                           MT US            ,
PHGM8,3,1609.300 ,46.31667 ,-113.3000,RAWS      ,           ,PHILIPSBURG                      MT US            ,
PNHM8,3,807.4000 ,46.77600 ,-104.5802,RAWS      ,           ,PINE HILL                        MT US            ,
PSTM8,3,1841.900 ,47.21492 ,-114.0287,RAWS      ,           ,PISTOL CREEK                     MT US            ,
PLAM8,3,756.2000 ,47.46622 ,-114.8796,RAWS      ,           ,PLAINS                           MT US            ,
PNTM8,3,2407.000 ,47.04136 ,-113.9863,RAWS      ,           ,POINT 6                          MT US            ,
POEM8,3,1089.400 ,48.78485 ,-114.2800,RAWS      ,           ,POLEBRIDGE                       MT US            ,
TS949,3,1679.500 ,47.62583 ,-113.6922,RAWS      ,           ,PONY CREEK                       MT US            ,
POPM8,3,664.8000 ,48.12708 ,-105.0733,RAWS      ,           ,POPLAR                           MT US            ,
PHYM8,3,2509.100 ,46.83528 ,-110.7175,RAWS      ,           ,PORPHYRY                         MT US            ,
TT376,3,1384.100 ,46.41114 ,-113.6999,RAWS      ,           ,PRAWS 9 (HOGBACK CREEK)          MT US            ,
PMRM8,3,2006.800 ,45.33717 ,-108.4922,RAWS      ,           ,PRYOR MOUNTAIN                   MT US            ,
RRDM8,3,2039.100 ,44.68333 ,-111.8333,RAWS      ,           ,RED ROCK                         MT US            ,
RCBM8,3,1154.900 ,48.25529 ,-109.7859,RAWS      ,           ,ROCKY BOY                        MT US            ,
RONM8,3,985.7000 ,47.53677 ,-114.0989,RAWS      ,           ,RONAN                            MT US            ,
TR564,3,1688.600 ,46.45111 ,-113.8903,RAWS      ,           ,SAWMILL CREEK                    MT US            ,
SEEM8,3,1258.800 ,47.17597 ,-113.4444,RAWS      ,           ,SEELEY LAKE                      MT US            ,
SGOM8,3,1643.200 ,45.45964 ,-111.2445,RAWS      ,           ,SHENANGO                         MT US            ,
SMTM8,3,1722.100 ,46.43958 ,-114.2268,RAWS      ,           ,SMITH CREEK                      MT US            ,
SBYM8,3,2487.200 ,45.01394 ,-110.0387,RAWS      ,           ,SODA BUTTE                       MT US            ,
SDAM8,3,1225.300 ,45.72872 ,-108.3965,RAWS      ,           ,SODA SPRINGS                     MT US            ,
SFJM8,3,1920.200 ,46.72278 ,-110.4064,RAWS      ,           ,SOUTH FORK JUDITH                MT US            ,
SSMM8,3,1002.800 ,47.56214 ,-107.5285,RAWS      ,           ,SOUTH SAWMILL CREEK              MT US            ,
SPBM8,3,2202.200 ,47.90445 ,-113.4394,RAWS      ,           ,SPOTTED BEAR LOOKOUT             MT US            ,
SPOM8,3,1135.400 ,47.92389 ,-113.5247,RAWS      ,           ,SPOTTED BEAR RS                  MT US            ,
SRYM8,3,1389.900 ,48.73986 ,-113.4323,RAWS      ,           ,ST. MARY                         MT US            ,
STGM8,3,816.3000 ,47.30711 ,-115.1076,RAWS      ,           ,ST. REGIS                        MT US            ,
STBM8,3,1132.600 ,46.26094 ,-108.0994,RAWS      ,           ,STEAMBOAT                        MT US            ,
SLCM8,3,1952.200 ,45.60475 ,-113.3463,RAWS      ,           ,STEELE CREEK                     MT US            ,
STVM8,3,1025.700 ,46.51352 ,-114.0909,RAWS      ,           ,STEVI                            MT US            ,
TR543,3,949.8000 ,48.53944 ,-114.5594,RAWS      ,           ,STILLWATER                       MT US            ,
STKM8,3,1659.000 ,46.85306 ,-113.3774,RAWS      ,           ,STINKWATER CREEK                 MT US            ,
SUAM8,3,1392.900 ,45.82073 ,-113.9538,RAWS      ,           ,SULA                             MT US            ,
TT339,3,1728.200 ,47.98275 ,-114.3560,RAWS      ,           ,SWAN LAKE FIRE QD                MT US            ,
TT064,3,1517.900 ,48.41300 ,-114.7365,RAWS      ,           ,SWANEY                           MT US            ,
TEPM8,3,2020.500 ,45.93343 ,-113.7420,RAWS      ,           ,TEPEE PT                         MT US            ,
THAM8,3,739.4000 ,47.57591 ,-115.2844,RAWS      ,           ,THOMPSON FALLS A/P               MT US            ,
TCTM8,3,1950.700 ,45.15694 ,-109.3606,RAWS      ,           ,TIMBERCREST                      MT US            ,
TROM8,3,594.4000 ,48.46667 ,-115.9167,RAWS      ,           ,TROY                             MT US            ,
WSFM8,3,1347.200 ,45.81556 ,-114.2583,RAWS      ,           ,WEST FORK                        MT US            ,
WGRM8,3,964.7000 ,48.51061 ,-113.9968,RAWS      ,           ,WEST GLACIER                     MT US            ,
WSRM8,3,1542.300 ,46.53444 ,-110.8853,RAWS      ,           ,WHITE SULPHUR SPRING             MT US            ,
WHHM8,3,1338.100 ,45.87150 ,-112.1082,RAWS      ,           ,WHITEHALL                        MT US            ,
WCRM8,3,2317.700 ,45.27056 ,-110.5433,RAWS      ,           ,WICKED CREEK                     MT US            ,
BRTM8,3,2484.100 ,45.12958 ,-108.3040,RAWS      ,           ,WILD HORSE                       MT US            ,
WRSM8,3,1738.600 ,45.78333 ,-112.9333,RAWS      ,           ,WISE RIVER                       MT US            ,
WWMM8,3,1489.300 ,45.31598 ,-107.1635,RAWS      ,           ,WOLF MOUNTAIN                    MT US            ,
YKAM8,3,914.4000 ,48.91667 ,-115.6567,RAWS      ,           ,YAAK (UPPER FORD)                MT US            ,
TT238,3,1828.800 ,46.16273 ,-113.1411,RAWS      ,           ,YANKEE FLAT                      MT US            ,
YLWM8,3,2804.200 ,45.16583 ,-111.3594,RAWS      ,           ,YELLOW MULE                      MT US            ,
ZONM8,3,1281.400 ,48.43060 ,-115.3972,RAWS      ,           ,ZONOLITE                         MT US            ,
ALDM8,3,1213.100 ,47.91189 ,-108.5039,RAWS      ,           ,ZORTMAN BLM                      MT US            ,
BSPM8,3,1820.000 ,45.15778 ,-113.0058,CRN       ,           ,BANNACK STATE PARK DILLON 18 WSW MT US            ,
JRWM8,3,1542.900 ,46.88467 ,-110.2893,CRN       ,           ,JUDITH RIVER WMA LEWISTOWN 42WSW MT US            ,
MRYM8,3,1394.500 ,48.74111 ,-113.4331,CRN       ,           ,GLACIER NAT PARK ST MARY 1 SSW   MT US            ,
PRSM8,3,635.5000 ,48.30806 ,-105.1019,CRN       ,           ,POPLAR RIVER WOLF POINT 29 ENE   MT US            ,
GOMM8,3,805.6000 ,48.48194 ,-105.2097,CRN       ,           ,FORT PECK MORGAN WOLF POINT 34NE MT US            ,
